timestamp,latitude,longitude,altitude,speed_kmh,satellites,hdop,datetime,valid
1754477081.316604291,33.984112,-6.726937,144.7,23.4,9,1.03,2025-8-6,11
1754477081.328461332,33.984112,-6.726937,144.7,23.4,9,1.03,2025-8-6,11
1754477081.340460616,33.984112,-6.726937,144.7,23.4,9,1.03,2025-8-6,11
1754477081.350612521,33.984112,-6.726937,144.7,23.4,9,1.03,2025-8-6,11
1754477081.362196016,33.984112,-6.726937,144.7,23.4,9,1.03,2025-8-6,11
1754477081.372717981,33.984112,-6.726937,144.7,23.4,9,1.03,2025-8-6,11
1754477081.383611932,33.984112,-6.726937,144.7,23.4,9,1.03,2025-8-6,11
1754477081.394760835,33.984112,-6.726937,144.7,23.4,9,1.03,2025-8-6,11
1754477081.405637077,33.984112,-6.726937,144.7,23.4,9,1.03,2025-8-6,11
1754477084.694689156,33.983997,-6.726807,145.1,15.7,9,1.14,2025-8-6,11
1754477084.694722646,33.983997,-6.726807,145.1,15.7,9,1.14,2025-8-6,11
1754477084.694744730,33.983997,-6.726807,145.1,15.7,9,1.14,2025-8-6,11
1754477084.694948432,33.983997,-6.726807,145.1,15.7,9,1.14,2025-8-6,11
1754477084.694960775,33.983997,-6.726807,145.1,15.7,9,1.14,2025-8-6,11
1754477084.694969838,33.983997,-6.726807,145.1,15.7,9,1.14,2025-8-6,11
1754477084.694978745,33.983997,-6.726807,145.1,15.7,9,1.14,2025-8-6,11
1754477084.694987078,33.983997,-6.726807,145.1,15.7,9,1.14,2025-8-6,11
1754477084.694995672,33.983997,-6.726807,145.1,15.7,9,1.14,2025-8-6,11
1754477087.315658199,33.983944,-6.726748,145.1,4.6,10,0.90,2025-8-6,11
1754477087.326677985,33.983944,-6.726748,145.1,4.6,10,0.90,2025-8-6,11
1754477087.337593186,33.983944,-6.726748,145.1,4.6,10,0.90,2025-8-6,11
1754477087.348612296,33.983944,-6.726748,145.1,4.6,10,0.90,2025-8-6,11
1754477087.359864743,33.983944,-6.726748,145.1,4.6,10,0.90,2025-8-6,11
1754477087.370595670,33.983944,-6.726748,145.1,4.6,10,0.90,2025-8-6,11
1754477087.381574153,33.983944,-6.726748,145.1,4.6,10,0.90,2025-8-6,11
1754477087.392749099,33.983944,-6.726748,145.1,4.6,10,0.90,2025-8-6,11
1754477087.403585653,33.983944,-6.726748,145.1,4.6,10,0.90,2025-8-6,11
1754477090.318657468,33.983913,-6.726717,144.7,6.8,10,0.90,2025-8-6,11
1754477090.330156846,33.983913,-6.726717,144.7,6.8,10,0.90,2025-8-6,11
1754477090.340730791,33.983913,-6.726717,144.7,6.8,10,0.90,2025-8-6,11
1754477090.351563387,33.983913,-6.726717,144.7,6.8,10,0.90,2025-8-6,11
1754477090.362555152,33.983913,-6.726717,144.7,6.8,10,0.90,2025-8-6,11
1754477090.375609351,33.983913,-6.726717,144.7,6.8,10,0.90,2025-8-6,11
1754477090.384566339,33.983913,-6.726717,144.7,6.8,10,0.90,2025-8-6,11
1754477090.395620866,33.983913,-6.726717,144.7,6.8,10,0.90,2025-8-6,11
1754477090.406558515,33.983913,-6.726717,144.7,6.8,10,0.90,2025-8-6,11
1754477093.323721261,33.983852,-6.726649,145.1,14.6,10,0.90,2025-8-6,11
1754477093.334709433,33.983852,-6.726649,145.1,14.6,10,0.90,2025-8-6,11
1754477093.346002766,33.983852,-6.726649,145.1,14.6,10,0.90,2025-8-6,11
1754477093.356736506,33.983852,-6.726649,145.1,14.6,10,0.90,2025-8-6,11
1754477093.368322084,33.983852,-6.726649,145.1,14.6,10,0.90,2025-8-6,11
1754477093.378895039,33.983852,-6.726649,145.1,14.6,10,0.90,2025-8-6,11
1754477093.389715864,33.983852,-6.726649,145.1,14.6,10,0.90,2025-8-6,11
1754477093.401225920,33.983852,-6.726649,145.1,14.6,10,0.90,2025-8-6,11
1754477093.412226487,33.983852,-6.726649,145.1,14.6,10,0.90,2025-8-6,11
1754477096.318787483,33.983753,-6.726541,145.4,20.0,10,0.90,2025-8-6,11
1754477096.329733570,33.983753,-6.726541,145.4,20.0,10,0.90,2025-8-6,11
1754477096.340956694,33.983753,-6.726541,145.4,20.0,10,0.90,2025-8-6,11
1754477096.351783352,33.983753,-6.726541,145.4,20.0,10,0.90,2025-8-6,11
1754477096.362779804,33.983753,-6.726541,145.4,20.0,10,0.90,2025-8-6,11
1754477096.373800528,33.983753,-6.726541,145.4,20.0,10,0.90,2025-8-6,11
1754477096.384786616,33.983753,-6.726541,145.4,20.0,10,0.90,2025-8-6,11
1754477096.396061824,33.983753,-6.726541,145.4,20.0,10,0.90,2025-8-6,11
1754477096.406781293,33.983753,-6.726541,145.4,20.0,10,0.90,2025-8-6,11
1754477099.787742087,33.983635,-6.726409,145.7,22.3,9,1.03,2025-8-6,11
1754477099.787764744,33.983635,-6.726409,145.7,22.3,9,1.03,2025-8-6,11
1754477099.787777973,33.983635,-6.726409,145.7,22.3,9,1.03,2025-8-6,11
1754477099.787789953,33.983635,-6.726409,145.7,22.3,9,1.03,2025-8-6,11
1754477099.787801307,33.983635,-6.726409,145.7,22.3,9,1.03,2025-8-6,11
1754477099.787812557,33.983635,-6.726409,145.7,22.3,9,1.03,2025-8-6,11
1754477099.787823339,33.983635,-6.726409,145.7,22.3,9,1.03,2025-8-6,11
1754477099.787834172,33.983635,-6.726409,145.7,22.3,9,1.03,2025-8-6,11
1754477099.788287566,33.983635,-6.726409,145.7,22.3,9,1.03,2025-8-6,11
1754477102.314880318,33.983509,-6.726286,146.0,20.2,9,1.03,2025-8-6,11
1754477102.325933803,33.983509,-6.726286,146.0,20.2,9,1.03,2025-8-6,11
1754477102.337029632,33.983509,-6.726286,146.0,20.2,9,1.03,2025-8-6,11
1754477102.347867801,33.983509,-6.726286,146.0,20.2,9,1.03,2025-8-6,11
1754477102.358883838,33.983509,-6.726286,146.0,20.2,9,1.03,2025-8-6,11
1754477102.369935812,33.983509,-6.726286,146.0,20.2,9,1.03,2025-8-6,11
1754477102.380862316,33.983509,-6.726286,146.0,20.2,9,1.03,2025-8-6,11
1754477102.391893770,33.983509,-6.726286,146.0,20.2,9,1.03,2025-8-6,11
1754477102.403053090,33.983509,-6.726286,146.0,20.2,9,1.03,2025-8-6,11
1754477105.317940823,33.983395,-6.726188,146.1,18.0,9,1.14,2025-8-6,11
1754477105.328917119,33.983395,-6.726188,146.1,18.0,9,1.14,2025-8-6,11
1754477105.340123837,33.983395,-6.726188,146.1,18.0,9,1.14,2025-8-6,11
1754477105.350949401,33.983395,-6.726188,146.1,18.0,9,1.14,2025-8-6,11
1754477105.362094606,33.983395,-6.726188,146.1,18.0,9,1.14,2025-8-6,11
1754477105.372947307,33.983395,-6.726188,146.1,18.0,9,1.14,2025-8-6,11
1754477105.384135899,33.983395,-6.726188,146.1,18.0,9,1.14,2025-8-6,11
1754477105.394952036,33.983395,-6.726188,146.1,18.0,9,1.14,2025-8-6,11
1754477105.408156915,33.983395,-6.726188,146.1,18.0,9,1.14,2025-8-6,11
1754477108.314511945,33.983303,-6.726087,146.3,15.5,10,1.14,2025-8-6,11
1754477108.325979553,33.983303,-6.726087,146.3,15.5,10,1.14,2025-8-6,11
1754477108.336999964,33.983303,-6.726087,146.3,15.5,10,1.14,2025-8-6,11
1754477108.348192202,33.983303,-6.726087,146.3,15.5,10,1.14,2025-8-6,11
1754477108.358989954,33.983303,-6.726087,146.3,15.5,10,1.14,2025-8-6,11
1754477108.370056668,33.983303,-6.726087,146.3,15.5,10,1.14,2025-8-6,11
1754477108.380978797,33.983303,-6.726087,146.3,15.5,10,1.14,2025-8-6,11
1754477108.392250776,33.983303,-6.726087,146.3,15.5,10,1.14,2025-8-6,11
1754477108.403691664,33.983303,-6.726087,146.3,15.5,10,1.14,2025-8-6,11
1754477111.322366668,33.983238,-6.725983,146.4,14.1,10,1.03,2025-8-6,11
1754477111.333540416,33.983238,-6.725983,146.4,14.1,10,1.03,2025-8-6,11
1754477111.344038996,33.983238,-6.725983,146.4,14.1,10,1.03,2025-8-6,11
1754477111.355022219,33.983238,-6.725983,146.4,14.1,10,1.03,2025-8-6,11
1754477111.366432690,33.983238,-6.725983,146.4,14.1,10,1.03,2025-8-6,11
1754477111.377231431,33.983238,-6.725983,146.4,14.1,10,1.03,2025-8-6,11
1754477111.388353615,33.983238,-6.725983,146.4,14.1,10,1.03,2025-8-6,11
1754477111.399018448,33.983238,-6.725983,146.4,14.1,10,1.03,2025-8-6,11
1754477111.410055058,33.983238,-6.725983,146.4,14.1,10,1.03,2025-8-6,11
1754477114.880905730,33.983189,-6.725917,146.5,9.1,10,1.06,2025-8-6,11
1754477114.880925626,33.983189,-6.725917,146.5,9.1,10,1.06,2025-8-6,11
1754477114.880937813,33.983189,-6.725917,146.5,9.1,10,1.06,2025-8-6,11
1754477114.881467667,33.983189,-6.725917,146.5,9.1,10,1.06,2025-8-6,11
1754477114.881490480,33.983189,-6.725917,146.5,9.1,10,1.06,2025-8-6,11
1754477114.881689181,33.983189,-6.725917,146.5,9.1,10,1.06,2025-8-6,11
1754477114.881739130,33.983189,-6.725917,146.5,9.1,10,1.06,2025-8-6,11
1754477114.881752412,33.983189,-6.725917,146.5,9.1,10,1.06,2025-8-6,11
1754477114.881763714,33.983189,-6.725917,146.5,9.1,10,1.06,2025-8-6,11
1754477117.320285808,33.983116,-6.725831,146.7,17.3,10,1.06,2025-8-6,11
1754477117.331200437,33.983116,-6.725831,146.7,17.3,10,1.06,2025-8-6,11
1754477117.342137462,33.983116,-6.725831,146.7,17.3,10,1.06,2025-8-6,11
1754477117.353175217,33.983116,-6.725831,146.7,17.3,10,1.06,2025-8-6,11
1754477117.364424800,33.983116,-6.725831,146.7,17.3,10,1.06,2025-8-6,11
1754477117.375176249,33.983116,-6.725831,146.7,17.3,10,1.06,2025-8-6,11
1754477117.386342236,33.983116,-6.725831,146.7,17.3,10,1.06,2025-8-6,11
1754477117.397194259,33.983116,-6.725831,146.7,17.3,10,1.06,2025-8-6,11
1754477117.408156753,33.983116,-6.725831,146.7,17.3,10,1.06,2025-8-6,11
1754477120.322169297,33.983002,-6.725695,147.3,23.4,10,1.06,2025-8-6,11
1754477120.333143666,33.983002,-6.725695,147.3,23.4,10,1.06,2025-8-6,11
1754477120.344406374,33.983002,-6.725695,147.3,23.4,10,1.06,2025-8-6,11
1754477120.355243345,33.983002,-6.725695,147.3,23.4,10,1.06,2025-8-6,11
1754477120.366395947,33.983002,-6.725695,147.3,23.4,10,1.06,2025-8-6,11
1754477120.377445943,33.983002,-6.725695,147.3,23.4,10,1.06,2025-8-6,11
1754477120.388190985,33.983002,-6.725695,147.3,23.4,10,1.06,2025-8-6,11
1754477120.399442911,33.983002,-6.725695,147.3,23.4,10,1.06,2025-8-6,11
1754477120.410732495,33.983002,-6.725695,147.3,23.4,10,1.06,2025-8-6,11
1754477123.317244386,33.982868,-6.725547,147.7,23.8,10,0.90,2025-8-6,11
1754477123.329207628,33.982868,-6.725547,147.7,23.8,10,0.90,2025-8-6,11
1754477123.340278353,33.982868,-6.725547,147.7,23.8,10,0.90,2025-8-6,11
1754477123.351328922,33.982868,-6.725547,147.7,23.8,10,0.90,2025-8-6,11
1754477123.362457044,33.982868,-6.725547,147.7,23.8,10,0.90,2025-8-6,11
1754477123.373252608,33.982868,-6.725547,147.7,23.8,10,0.90,2025-8-6,11
1754477123.384246873,33.982868,-6.725547,147.7,23.8,10,0.90,2025-8-6,11
1754477123.395253847,33.982868,-6.725547,147.7,23.8,10,0.90,2025-8-6,11
1754477123.406255561,33.982868,-6.725547,147.7,23.8,10,0.90,2025-8-6,11
1754477126.315420268,33.982784,-6.725459,147.9,7.4,9,1.03,2025-8-6,11
1754477126.328085138,33.982784,-6.725459,147.9,7.4,9,1.03,2025-8-6,11
1754477126.338232304,33.982784,-6.725459,147.9,7.4,9,1.03,2025-8-6,11
1754477126.349337093,33.982784,-6.725459,147.9,7.4,9,1.03,2025-8-6,11
1754477126.360312243,33.982784,-6.725459,147.9,7.4,9,1.03,2025-8-6,11
1754477126.371376093,33.982784,-6.725459,147.9,7.4,9,1.03,2025-8-6,11
1754477126.382312650,33.982784,-6.725459,147.9,7.4,9,1.03,2025-8-6,11
1754477126.393527648,33.982784,-6.725459,147.9,7.4,9,1.03,2025-8-6,11
1754477126.404310764,33.982784,-6.725459,147.9,7.4,9,1.03,2025-8-6,11
1754477129.974175493,33.982750,-6.725421,147.9,10.1,9,1.03,2025-8-6,11
1754477129.974196744,33.982750,-6.725421,147.9,10.1,9,1.03,2025-8-6,11
1754477129.974209869,33.982750,-6.725421,147.9,10.1,9,1.03,2025-8-6,11
1754477129.974221901,33.982750,-6.725421,147.9,10.1,9,1.03,2025-8-6,11
1754477129.974233151,33.982750,-6.725421,147.9,10.1,9,1.03,2025-8-6,11
1754477129.974243932,33.982750,-6.725421,147.9,10.1,9,1.03,2025-8-6,11
1754477129.974254714,33.982750,-6.725421,147.9,10.1,9,1.03,2025-8-6,11
1754477129.974266224,33.982750,-6.725421,147.9,10.1,9,1.03,2025-8-6,11
1754477129.975371974,33.982750,-6.725421,147.9,10.1,9,1.03,2025-8-6,11
1754477132.315995049,33.982647,-6.725310,147.9,23.6,9,1.03,2025-8-6,11
1754477132.327678442,33.982647,-6.725310,147.9,23.6,9,1.03,2025-8-6,11
1754477132.338909379,33.982647,-6.725310,147.9,23.6,9,1.03,2025-8-6,11
1754477132.349993958,33.982647,-6.725310,147.9,23.6,9,1.03,2025-8-6,11
1754477132.361087861,33.982647,-6.725310,147.9,23.6,9,1.03,2025-8-6,11
1754477132.371471751,33.982647,-6.725310,147.9,23.6,9,1.03,2025-8-6,11
1754477132.382745345,33.982647,-6.725310,147.9,23.6,9,1.03,2025-8-6,11
1754477132.393564294,33.982647,-6.725310,147.9,23.6,9,1.03,2025-8-6,11
1754477132.404436943,33.982647,-6.725310,147.9,23.6,9,1.03,2025-8-6,11
1754477135.319988039,33.982517,-6.725173,148.1,18.1,9,1.03,2025-8-6,11
1754477135.331564868,33.982517,-6.725173,148.1,18.1,9,1.03,2025-8-6,11
1754477135.342169751,33.982517,-6.725173,148.1,18.1,9,1.03,2025-8-6,11
1754477135.352568849,33.982517,-6.725173,148.1,18.1,9,1.03,2025-8-6,11
1754477135.363977446,33.982517,-6.725173,148.1,18.1,9,1.03,2025-8-6,11
1754477135.374371700,33.982517,-6.725173,148.1,18.1,9,1.03,2025-8-6,11
1754477135.385424196,33.982517,-6.725173,148.1,18.1,9,1.03,2025-8-6,11
1754477135.396534349,33.982517,-6.725173,148.1,18.1,9,1.03,2025-8-6,11
1754477135.407565959,33.982517,-6.725173,148.1,18.1,9,1.03,2025-8-6,11
1754477138.316863926,33.982460,-6.725109,148.2,5.4,9,1.14,2025-8-6,11
1754477138.328080487,33.982460,-6.725109,148.2,5.4,9,1.14,2025-8-6,11
1754477138.339251891,33.982460,-6.725109,148.2,5.4,9,1.14,2025-8-6,11
1754477138.349847712,33.982460,-6.725109,148.2,5.4,9,1.14,2025-8-6,11
1754477138.361768245,33.982460,-6.725109,148.2,5.4,9,1.14,2025-8-6,11
1754477138.373318302,33.982460,-6.725109,148.2,5.4,9,1.14,2025-8-6,11
1754477138.382599567,33.982460,-6.725109,148.2,5.4,9,1.14,2025-8-6,11
1754477138.393537634,33.982460,-6.725109,148.2,5.4,9,1.14,2025-8-6,11
1754477138.404736955,33.982460,-6.725109,148.2,5.4,9,1.14,2025-8-6,11
1754477141.323689117,33.982430,-6.725074,148.5,9.5,9,1.03,2025-8-6,11
1754477141.334168894,33.982430,-6.725074,148.5,9.5,9,1.03,2025-8-6,11
1754477141.344770132,33.982430,-6.725074,148.5,9.5,9,1.03,2025-8-6,11
1754477141.355978881,33.982430,-6.725074,148.5,9.5,9,1.03,2025-8-6,11
1754477141.366596629,33.982430,-6.725074,148.5,9.5,9,1.03,2025-8-6,11
1754477141.379397699,33.982430,-6.725074,148.5,9.5,9,1.03,2025-8-6,11
1754477141.388873082,33.982430,-6.725074,148.5,9.5,9,1.03,2025-8-6,11
1754477141.400063237,33.982430,-6.725074,148.5,9.5,9,1.03,2025-8-6,11
1754477141.410769320,33.982430,-6.725074,148.5,9.5,9,1.03,2025-8-6,11
1754477145.054603270,33.982315,-6.724969,148.8,16.0,10,1.06,2025-8-6,11
1754477145.054625614,33.982315,-6.724969,148.8,16.0,10,1.06,2025-8-6,11
1754477145.054638635,33.982315,-6.724969,148.8,16.0,10,1.06,2025-8-6,11
1754477145.054898692,33.982315,-6.724969,148.8,16.0,10,1.06,2025-8-6,11
1754477145.054919891,33.982315,-6.724969,148.8,16.0,10,1.06,2025-8-6,11
1754477145.054932755,33.982315,-6.724969,148.8,16.0,10,1.06,2025-8-6,11
1754477145.054944006,33.982315,-6.724969,148.8,16.0,10,1.06,2025-8-6,11
1754477145.054954995,33.982315,-6.724969,148.8,16.0,10,1.06,2025-8-6,11
1754477145.054966141,33.982315,-6.724969,148.8,16.0,10,1.06,2025-8-6,11
1754477147.383995592,33.982281,-6.724850,149.1,14.8,10,0.90,2025-8-6,11
1754477147.405704951,33.982281,-6.724850,149.1,14.8,10,0.90,2025-8-6,11
1754477150.318729992,33.982330,-6.724773,149.1,17.9,10,0.90,2025-8-6,11
1754477150.329799103,33.982330,-6.724773,149.1,17.9,10,0.90,2025-8-6,11
1754477150.340805192,33.982330,-6.724773,149.1,17.9,10,0.90,2025-8-6,11
1754477150.351786905,33.982330,-6.724773,149.1,17.9,10,0.90,2025-8-6,11
1754477150.362954143,33.982330,-6.724773,149.1,17.9,10,0.90,2025-8-6,11
1754477150.374962490,33.982330,-6.724773,149.1,17.9,10,0.90,2025-8-6,11
1754477150.384738921,33.982330,-6.724773,149.1,17.9,10,0.90,2025-8-6,11
1754477150.395741624,33.982330,-6.724773,149.1,17.9,10,0.90,2025-8-6,11
1754477150.406854069,33.982330,-6.724773,149.1,17.9,10,0.90,2025-8-6,11
1754477156.316863119,33.982449,-6.724649,148.8,5.6,9,1.01,2025-8-6,11
1754477156.327867385,33.982449,-6.724649,148.8,5.6,9,1.01,2025-8-6,11
1754477156.338883474,33.982449,-6.724649,148.8,5.6,9,1.01,2025-8-6,11
1754477156.350046805,33.982449,-6.724649,148.8,5.6,9,1.01,2025-8-6,11
1754477156.360862161,33.982449,-6.724649,148.8,5.6,9,1.01,2025-8-6,11
1754477156.372083150,33.982449,-6.724649,148.8,5.6,9,1.01,2025-8-6,11
1754477156.382789390,33.982449,-6.724649,148.8,5.6,9,1.01,2025-8-6,11
1754477156.393863292,33.982449,-6.724649,148.8,5.6,9,1.01,2025-8-6,11
1754477156.404987925,33.982449,-6.724649,148.8,5.6,9,1.01,2025-8-6,11
1754477162.317458296,33.982658,-6.724389,148.7,27.2,9,1.01,2025-8-6,11
1754477162.326990139,33.982658,-6.724389,148.7,27.2,9,1.01,2025-8-6,11
1754477162.337978311,33.982658,-6.724389,148.7,27.2,9,1.01,2025-8-6,11
1754477162.349144247,33.982658,-6.724389,148.7,27.2,9,1.01,2025-8-6,11
1754477162.359966791,33.982658,-6.724389,148.7,27.2,9,1.01,2025-8-6,11
1754477162.371010432,33.982658,-6.724389,148.7,27.2,9,1.01,2025-8-6,11
1754477162.382171628,33.982658,-6.724389,148.7,27.2,9,1.01,2025-8-6,11
1754477162.392997714,33.982658,-6.724389,148.7,27.2,9,1.01,2025-8-6,11
1754477162.403956094,33.982658,-6.724389,148.7,27.2,9,1.01,2025-8-6,11
1754477168.326317611,33.982822,-6.724152,149.0,8.9,10,1.06,2025-8-6,11
1754477168.335999301,33.982822,-6.724152,149.0,8.9,10,1.06,2025-8-6,11
1754477168.346137926,33.982822,-6.724152,149.0,8.9,10,1.06,2025-8-6,11
1754477168.357062867,33.982822,-6.724152,149.0,8.9,10,1.06,2025-8-6,11
1754477168.368084061,33.982822,-6.724152,149.0,8.9,10,1.06,2025-8-6,11
1754477168.379458490,33.982822,-6.724152,149.0,8.9,10,1.06,2025-8-6,11
1754477168.390074832,33.982822,-6.724152,149.0,8.9,10,1.06,2025-8-6,11
1754477168.401078213,33.982822,-6.724152,149.0,8.9,10,1.06,2025-8-6,11
1754477168.412164876,33.982822,-6.724152,149.0,8.9,10,1.06,2025-8-6,11
1754477175.227580130,33.982944,-6.723990,149.3,22.0,10,1.06,2025-8-6,11
1754477175.227786176,33.982944,-6.723990,149.3,22.0,10,1.06,2025-8-6,11
1754477175.227808364,33.982944,-6.723990,149.3,22.0,10,1.06,2025-8-6,11
1754477175.227822218,33.982944,-6.723990,149.3,22.0,10,1.06,2025-8-6,11
1754477175.227833833,33.982944,-6.723990,149.3,22.0,10,1.06,2025-8-6,11
1754477175.227844875,33.982944,-6.723990,149.3,22.0,10,1.06,2025-8-6,11
1754477175.228040764,33.982944,-6.723990,149.3,22.0,10,1.06,2025-8-6,11
1754477175.228061181,33.982944,-6.723990,149.3,22.0,10,1.06,2025-8-6,11
1754477175.228072952,33.982944,-6.723990,149.3,22.0,10,1.06,2025-8-6,11
1754477177.324522421,33.983074,-6.723818,149.5,28.0,9,1.06,2025-8-6,11
1754477177.335832370,33.983074,-6.723818,149.5,28.0,9,1.06,2025-8-6,11
1754477177.346987055,33.983074,-6.723818,149.5,28.0,9,1.06,2025-8-6,11
1754477177.357305788,33.983074,-6.723818,149.5,28.0,9,1.06,2025-8-6,11
1754477177.368372295,33.983074,-6.723818,149.5,28.0,9,1.06,2025-8-6,11
1754477177.380944246,33.983074,-6.723818,149.5,28.0,9,1.06,2025-8-6,11
1754477177.390242543,33.983074,-6.723818,149.5,28.0,9,1.06,2025-8-6,11
1754477177.401658952,33.983074,-6.723818,149.5,28.0,9,1.06,2025-8-6,11
1754477177.412268211,33.983074,-6.723818,149.5,28.0,9,1.06,2025-8-6,11
1754477180.321493558,33.983219,-6.723631,149.9,28.6,10,0.90,2025-8-6,11
1754477180.332511314,33.983219,-6.723631,149.9,28.6,10,0.90,2025-8-6,11
1754477180.343400838,33.983219,-6.723631,149.9,28.6,10,0.90,2025-8-6,11
1754477180.354626931,33.983219,-6.723631,149.9,28.6,10,0.90,2025-8-6,11
1754477180.365480049,33.983219,-6.723631,149.9,28.6,10,0.90,2025-8-6,11
1754477180.376314208,33.983219,-6.723631,149.9,28.6,10,0.90,2025-8-6,11
1754477180.387393840,33.983219,-6.723631,149.9,28.6,10,0.90,2025-8-6,11
1754477180.398397585,33.983219,-6.723631,149.9,28.6,10,0.90,2025-8-6,11
1754477180.409274245,33.983219,-6.723631,149.9,28.6,10,0.90,2025-8-6,11
1754477183.316029917,33.983372,-6.723450,150.1,28.1,9,1.01,2025-8-6,11
1754477183.326513704,33.983372,-6.723450,150.1,28.1,9,1.01,2025-8-6,11
1754477183.337430261,33.983372,-6.723450,150.1,28.1,9,1.01,2025-8-6,11
1754477183.348684583,33.983372,-6.723450,150.1,28.1,9,1.01,2025-8-6,11
1754477183.359452074,33.983372,-6.723450,150.1,28.1,9,1.01,2025-8-6,11
1754477183.370337328,33.983372,-6.723450,150.1,28.1,9,1.01,2025-8-6,11
1754477183.381321438,33.983372,-6.723450,150.1,28.1,9,1.01,2025-8-6,11
1754477183.392240181,33.983372,-6.723450,150.1,28.1,9,1.01,2025-8-6,11
1754477183.403346897,33.983372,-6.723450,150.1,28.1,9,1.01,2025-8-6,11
1754477183.414311059,33.983372,-6.723450,150.1,28.1,9,1.01,2025-8-6,11
1754477190.328890877,33.983612,-6.723182,150.8,7.3,9,1.01,2025-8-6,11
1754477190.328913117,33.983612,-6.723182,150.8,7.3,9,1.01,2025-8-6,11
1754477190.328925826,33.983612,-6.723182,150.8,7.3,9,1.01,2025-8-6,11
1754477190.328937857,33.983612,-6.723182,150.8,7.3,9,1.01,2025-8-6,11
1754477190.328949472,33.983612,-6.723182,150.8,7.3,9,1.01,2025-8-6,11
1754477190.328960983,33.983612,-6.723182,150.8,7.3,9,1.01,2025-8-6,11
1754477190.328972181,33.983612,-6.723182,150.8,7.3,9,1.01,2025-8-6,11
1754477190.328983170,33.983612,-6.723182,150.8,7.3,9,1.01,2025-8-6,11
1754477190.328994212,33.983612,-6.723182,150.8,7.3,9,1.01,2025-8-6,11
1754477195.350027073,33.983746,-6.723030,150.6,17.9,10,0.90,2025-8-6,11
1754477195.350043480,33.983746,-6.723030,150.6,17.9,10,0.90,2025-8-6,11
1754477195.350054521,33.983746,-6.723030,150.6,17.9,10,0.90,2025-8-6,11
1754477195.358504834,33.983746,-6.723030,150.6,17.9,10,0.90,2025-8-6,11
1754477195.369709313,33.983746,-6.723030,150.6,17.9,10,0.90,2025-8-6,11
1754477195.380596233,33.983746,-6.723030,150.6,17.9,10,0.90,2025-8-6,11
1754477195.391552634,33.983746,-6.723030,150.6,17.9,10,0.90,2025-8-6,11
1754477195.402605026,33.983746,-6.723030,150.6,17.9,10,0.90,2025-8-6,11
1754477195.414523997,33.983746,-6.723030,150.6,17.9,10,0.90,2025-8-6,11
1754477207.322840851,33.984234,-6.722310,150.4,22.9,10,0.90,2025-8-6,11
1754477207.333987516,33.984234,-6.722310,150.4,22.9,10,0.90,2025-8-6,11
1754477207.344991574,33.984234,-6.722310,150.4,22.9,10,0.90,2025-8-6,11
1754477207.356020841,33.984234,-6.722310,150.4,22.9,10,0.90,2025-8-6,11
1754477207.367004690,33.984234,-6.722310,150.4,22.9,10,0.90,2025-8-6,11
1754477207.377827755,33.984234,-6.722310,150.4,22.9,10,0.90,2025-8-6,11
1754477207.388862908,33.984234,-6.722310,150.4,22.9,10,0.90,2025-8-6,11
1754477207.400065928,33.984234,-6.722310,150.4,22.9,10,0.90,2025-8-6,11
1754477207.411968023,33.984234,-6.722310,150.4,22.9,10,0.90,2025-8-6,11
1754477210.432614973,33.984318,-6.722196,150.4,11.8,10,0.90,2025-8-6,11
1754477210.432637422,33.984318,-6.722196,150.4,11.8,10,0.90,2025-8-6,11
1754477210.433801193,33.984318,-6.722196,150.4,11.8,10,0.90,2025-8-6,11
1754477210.433816037,33.984318,-6.722196,150.4,11.8,10,0.90,2025-8-6,11
1754477210.433825985,33.984318,-6.722196,150.4,11.8,10,0.90,2025-8-6,11
1754477210.433834683,33.984318,-6.722196,150.4,11.8,10,0.90,2025-8-6,11
1754477210.433843277,33.984318,-6.722196,150.4,11.8,10,0.90,2025-8-6,11
1754477210.433851663,33.984318,-6.722196,150.4,11.8,10,0.90,2025-8-6,11
1754477210.433860465,33.984318,-6.722196,150.4,11.8,10,0.90,2025-8-6,11
1754477216.320266513,33.984390,-6.722096,150.3,13.5,10,1.06,2025-8-6,11
1754477216.331527347,33.984390,-6.722096,150.3,13.5,10,1.06,2025-8-6,11
1754477216.341990145,33.984390,-6.722096,150.3,13.5,10,1.06,2025-8-6,11
1754477216.353279104,33.984390,-6.722096,150.3,13.5,10,1.06,2025-8-6,11
1754477216.364185556,33.984390,-6.722096,150.3,13.5,10,1.06,2025-8-6,11
1754477216.375001746,33.984390,-6.722096,150.3,13.5,10,1.06,2025-8-6,11
1754477216.386177630,33.984390,-6.722096,150.3,13.5,10,1.06,2025-8-6,11
1754477216.397017363,33.984390,-6.722096,150.3,13.5,10,1.06,2025-8-6,11
1754477216.408242362,33.984390,-6.722096,150.3,13.5,10,1.06,2025-8-6,11
1754477222.323147347,33.984596,-6.721819,149.9,19.7,10,0.90,2025-8-6,11
1754477222.334045570,33.984596,-6.721819,149.9,19.7,10,0.90,2025-8-6,11
1754477222.345268851,33.984596,-6.721819,149.9,19.7,10,0.90,2025-8-6,11
1754477222.356187491,33.984596,-6.721819,149.9,19.7,10,0.90,2025-8-6,11
1754477222.367651036,33.984596,-6.721819,149.9,19.7,10,0.90,2025-8-6,11
1754477222.378084719,33.984596,-6.721819,149.9,19.7,10,0.90,2025-8-6,11
1754477222.389216176,33.984596,-6.721819,149.9,19.7,10,0.90,2025-8-6,11
1754477222.400398414,33.984596,-6.721819,149.9,19.7,10,0.90,2025-8-6,11
1754477222.412102798,33.984596,-6.721819,149.9,19.7,10,0.90,2025-8-6,11
1754477225.524886069,33.984646,-6.721756,149.8,11.6,10,0.90,2025-8-6,11
1754477225.725294107,33.984646,-6.721756,149.8,11.6,10,0.90,2025-8-6,11
1754477228.316929337,33.984669,-6.721725,149.9,3.8,10,0.90,2025-8-6,11
1754477228.329794940,33.984669,-6.721725,149.9,3.8,10,0.90,2025-8-6,11
1754477228.338107751,33.984669,-6.721725,149.9,3.8,10,0.90,2025-8-6,11
1754477228.721603506,33.984669,-6.721725,149.9,3.8,10,0.90,2025-8-6,11
1754477231.324454627,33.984711,-6.721673,149.8,14.3,10,0.90,2025-8-6,11
1754477231.335482540,33.984711,-6.721673,149.8,14.3,10,0.90,2025-8-6,11
1754477231.346417743,33.984711,-6.721673,149.8,14.3,10,0.90,2025-8-6,11
1754477231.428638694,33.984779,-6.721582,149.9,24.1,10,0.90,2025-8-6,11
1754477234.319394793,33.984875,-6.721465,149.9,28.9,9,1.01,2025-8-6,11
1754477234.330341975,33.984875,-6.721465,149.9,28.9,9,1.01,2025-8-6,11
1754477234.341480880,33.984875,-6.721465,149.9,28.9,9,1.01,2025-8-6,11
1754477234.352383061,33.984875,-6.721465,149.9,28.9,9,1.01,2025-8-6,11
1754477234.363624988,33.984875,-6.721465,149.9,28.9,9,1.01,2025-8-6,11
1754477235.578635331,33.984928,-6.721402,149.9,29.4,9,1.01,2025-8-6,11
1754477237.316538287,33.985027,-6.721269,150.2,30.0,9,1.01,2025-8-6,11
1754477237.327387134,33.985027,-6.721269,150.2,30.0,9,1.01,2025-8-6,11
1754477237.338387807,33.985027,-6.721269,150.2,30.0,9,1.01,2025-8-6,11
1754477237.349538118,33.985027,-6.721269,150.2,30.0,9,1.01,2025-8-6,11
1754477237.360358319,33.985027,-6.721269,150.2,30.0,9,1.01,2025-8-6,11
1754477237.371390919,33.985027,-6.721269,150.2,30.0,9,1.01,2025-8-6,11
1754477237.382379404,33.985027,-6.721269,150.2,30.0,9,1.01,2025-8-6,11
1754477237.644702810,33.985081,-6.721203,150.3,30.3,9,1.01,2025-8-6,11
1754477240.611796691,33.985180,-6.721069,150.5,29.7,10,0.90,2025-8-6,11
1754477240.612553267,33.985180,-6.721069,150.5,29.7,10,0.90,2025-8-6,11
1754477240.612580716,33.985180,-6.721069,150.5,29.7,10,0.90,2025-8-6,11
1754477240.612601758,33.985180,-6.721069,150.5,29.7,10,0.90,2025-8-6,11
1754477240.612622435,33.985180,-6.721069,150.5,29.7,10,0.90,2025-8-6,11
1754477240.612643165,33.985180,-6.721069,150.5,29.7,10,0.90,2025-8-6,11
1754477240.612663321,33.985180,-6.721069,150.5,29.7,10,0.90,2025-8-6,11
1754477240.654251957,33.985229,-6.721002,150.5,29.4,9,1.06,2025-8-6,11
1754477243.321689087,33.985329,-6.720871,150.7,29.2,8,1.18,2025-8-6,11
1754477243.332637415,33.985329,-6.720871,150.7,29.2,8,1.18,2025-8-6,11
1754477243.343864499,33.985329,-6.720871,150.7,29.2,8,1.18,2025-8-6,11
1754477243.354635480,33.985329,-6.720871,150.7,29.2,8,1.18,2025-8-6,11
1754477243.365517036,33.985329,-6.720871,150.7,29.2,8,1.18,2025-8-6,11
1754477243.376649065,33.985329,-6.720871,150.7,29.2,8,1.18,2025-8-6,11
1754477243.387482495,33.985329,-6.720871,150.7,29.2,8,1.18,2025-8-6,11
1754477243.398495824,33.985329,-6.720871,150.7,29.2,8,1.18,2025-8-6,11
1754477243.409523581,33.985329,-6.720871,150.7,29.2,8,1.18,2025-8-6,11
1754477246.315540610,33.985462,-6.720690,150.8,23.0,8,1.18,2025-8-6,11
1754477246.326541231,33.985462,-6.720690,150.8,23.0,8,1.18,2025-8-6,11
1754477246.337717376,33.985462,-6.720690,150.8,23.0,8,1.18,2025-8-6,11
1754477246.348531847,33.985462,-6.720690,150.8,23.0,8,1.18,2025-8-6,11
1754477246.359802056,33.985462,-6.720690,150.8,23.0,8,1.18,2025-8-6,11
1754477246.370527047,33.985462,-6.720690,150.8,23.0,8,1.18,2025-8-6,11
1754477246.381546522,33.985462,-6.720690,150.8,23.0,8,1.18,2025-8-6,11
1754477246.392550007,33.985462,-6.720690,150.8,23.0,8,1.18,2025-8-6,11
1754477246.403784018,33.985462,-6.720690,150.8,23.0,8,1.18,2025-8-6,11
1754477246.414688022,33.985462,-6.720690,150.8,23.0,8,1.18,2025-8-6,11
1754477249.319675819,33.985573,-6.720554,151.1,20.9,9,1.18,2025-8-6,11
1754477249.330616647,33.985573,-6.720554,151.1,20.9,9,1.18,2025-8-6,11
1754477249.341584090,33.985573,-6.720554,151.1,20.9,9,1.18,2025-8-6,11
1754477249.352851590,33.985573,-6.720554,151.1,20.9,9,1.18,2025-8-6,11
1754477249.363695906,33.985573,-6.720554,151.1,20.9,9,1.18,2025-8-6,11
1754477249.374755434,33.985573,-6.720554,151.1,20.9,9,1.18,2025-8-6,11
1754477249.385604542,33.985573,-6.720554,151.1,20.9,9,1.18,2025-8-6,11
1754477249.396621309,33.985573,-6.720554,151.1,20.9,9,1.18,2025-8-6,11
1754477249.408121418,33.985573,-6.720554,151.1,20.9,9,1.18,2025-8-6,11
1754477252.315744737,33.985703,-6.720475,151.4,18.9,9,1.06,2025-8-6,11
1754477252.326597283,33.985703,-6.720475,151.4,18.9,9,1.06,2025-8-6,11
1754477252.337763063,33.985703,-6.720475,151.4,18.9,9,1.06,2025-8-6,11
1754477252.348844154,33.985703,-6.720475,151.4,18.9,9,1.06,2025-8-6,11
1754477252.359838160,33.985703,-6.720475,151.4,18.9,9,1.06,2025-8-6,11
1754477252.370635443,33.985703,-6.720475,151.4,18.9,9,1.06,2025-8-6,11
1754477252.381666273,33.985703,-6.720475,151.4,18.9,9,1.06,2025-8-6,11
1754477252.392814865,33.985703,-6.720475,151.4,18.9,9,1.06,2025-8-6,11
1754477252.403668504,33.985703,-6.720475,151.4,18.9,9,1.06,2025-8-6,11
1754477252.414639489,33.985703,-6.720475,151.4,18.9,9,1.06,2025-8-6,11
1754477255.700779265,33.985844,-6.720554,150.5,23.2,9,1.06,2025-8-6,11
1754477255.700795411,33.985844,-6.720554,150.5,23.2,9,1.06,2025-8-6,11
1754477255.700805150,33.985844,-6.720554,150.5,23.2,9,1.06,2025-8-6,11
1754477255.700814213,33.985844,-6.720554,150.5,23.2,9,1.06,2025-8-6,11
1754477255.700823067,33.985844,-6.720554,150.5,23.2,9,1.06,2025-8-6,11
1754477255.700852703,33.985844,-6.720554,150.5,23.2,9,1.06,2025-8-6,11
1754477255.700862651,33.985844,-6.720554,150.5,23.2,9,1.06,2025-8-6,11
1754477255.700870516,33.985844,-6.720554,150.5,23.2,9,1.06,2025-8-6,11
1754477255.700879058,33.985844,-6.720554,150.5,23.2,9,1.06,2025-8-6,11
1754477258.321956655,33.985989,-6.720729,148.6,31.6,9,1.06,2025-8-6,11
1754477258.333357074,33.985989,-6.720729,148.6,31.6,9,1.06,2025-8-6,11
1754477258.343749767,33.985989,-6.720729,148.6,31.6,9,1.06,2025-8-6,11
1754477258.354918412,33.985989,-6.720729,148.6,31.6,9,1.06,2025-8-6,11
1754477258.365773041,33.985989,-6.720729,148.6,31.6,9,1.06,2025-8-6,11
1754477258.376742723,33.985989,-6.720729,148.6,31.6,9,1.06,2025-8-6,11
1754477258.387849648,33.985989,-6.720729,148.6,31.6,9,1.06,2025-8-6,11
1754477258.398769590,33.985989,-6.720729,148.6,31.6,9,1.06,2025-8-6,11
1754477258.409779795,33.985989,-6.720729,148.6,31.6,9,1.06,2025-8-6,11
1754477261.320025575,33.986176,-6.720953,147.9,37.0,9,1.06,2025-8-6,11
1754477261.330816765,33.986176,-6.720953,147.9,37.0,9,1.06,2025-8-6,11
1754477261.341795302,33.986176,-6.720953,147.9,37.0,9,1.06,2025-8-6,11
1754477261.352860976,33.986176,-6.720953,147.9,37.0,9,1.06,2025-8-6,11
1754477261.363990714,33.986176,-6.720953,147.9,37.0,9,1.06,2025-8-6,11
1754477261.374805706,33.986176,-6.720953,147.9,37.0,9,1.06,2025-8-6,11
1754477261.385797629,33.986176,-6.720953,147.9,37.0,9,1.06,2025-8-6,11
1754477261.397046015,33.986176,-6.720953,147.9,37.0,9,1.06,2025-8-6,11
1754477261.408022833,33.986176,-6.720953,147.9,37.0,9,1.06,2025-8-6,11
1754477264.322030302,33.986320,-6.721124,147.3,20.7,9,1.06,2025-8-6,11
1754477264.333034986,33.986320,-6.721124,147.3,20.7,9,1.06,2025-8-6,11
1754477264.343953574,33.986320,-6.721124,147.3,20.7,9,1.06,2025-8-6,11
1754477264.354851120,33.986320,-6.721124,147.3,20.7,9,1.06,2025-8-6,11
1754477264.366034817,33.986320,-6.721124,147.3,20.7,9,1.06,2025-8-6,11
1754477264.378193428,33.986320,-6.721124,147.3,20.7,9,1.06,2025-8-6,11
1754477264.388004183,33.986320,-6.721124,147.3,20.7,9,1.06,2025-8-6,11
1754477264.399507053,33.986320,-6.721124,147.3,20.7,9,1.06,2025-8-6,11
1754477264.409870474,33.986320,-6.721124,147.3,20.7,9,1.06,2025-8-6,11
1754477267.319911157,33.986389,-6.721209,147.0,8.3,10,1.06,2025-8-6,11
1754477267.330466353,33.986389,-6.721209,147.0,8.3,10,1.06,2025-8-6,11
1754477267.341286241,33.986389,-6.721209,147.0,8.3,10,1.06,2025-8-6,11
1754477267.352633275,33.986389,-6.721209,147.0,8.3,10,1.06,2025-8-6,11
1754477267.363095188,33.986389,-6.721209,147.0,8.3,10,1.06,2025-8-6,11
1754477267.374059350,33.986389,-6.721209,147.0,8.3,10,1.06,2025-8-6,11
1754477267.384916426,33.986389,-6.721209,147.0,8.3,10,1.06,2025-8-6,11
1754477267.396146843,33.986389,-6.721209,147.0,8.3,10,1.06,2025-8-6,11
1754477267.406988450,33.986389,-6.721209,147.0,8.3,10,1.06,2025-8-6,11
1754477270.772640513,33.986439,-6.721268,147.0,14.9,9,1.15,2025-8-6,11
1754477270.772662024,33.986439,-6.721268,147.0,14.9,9,1.15,2025-8-6,11
1754477270.772675097,33.986439,-6.721268,147.0,14.9,9,1.15,2025-8-6,11
1754477270.772686243,33.986439,-6.721268,147.0,14.9,9,1.15,2025-8-6,11
1754477270.772698170,33.986439,-6.721268,147.0,14.9,9,1.15,2025-8-6,11
1754477270.772710045,33.986439,-6.721268,147.0,14.9,9,1.15,2025-8-6,11
1754477270.772721348,33.986439,-6.721268,147.0,14.9,9,1.15,2025-8-6,11
1754477270.772732442,33.986439,-6.721268,147.0,14.9,9,1.15,2025-8-6,11
1754477270.772743692,33.986439,-6.721268,147.0,14.9,9,1.15,2025-8-6,11
1754477273.316290029,33.986561,-6.721412,146.7,26.5,10,1.03,2025-8-6,11
1754477273.327076687,33.986561,-6.721412,146.7,26.5,10,1.03,2025-8-6,11
1754477273.338235228,33.986561,-6.721412,146.7,26.5,10,1.03,2025-8-6,11
1754477273.349200744,33.986561,-6.721412,146.7,26.5,10,1.03,2025-8-6,11
1754477273.360096050,33.986561,-6.721412,146.7,26.5,10,1.03,2025-8-6,11
1754477273.371554701,33.986561,-6.721412,146.7,26.5,10,1.03,2025-8-6,11
1754477273.382180523,33.986561,-6.721412,146.7,26.5,10,1.03,2025-8-6,11
1754477273.393197134,33.986561,-6.721412,146.7,26.5,10,1.03,2025-8-6,11
1754477273.404227495,33.986561,-6.721412,146.7,26.5,10,1.03,2025-8-6,11
1754477273.415011914,33.986561,-6.721412,146.7,26.5,10,1.03,2025-8-6,11
1754477276.321829375,33.986706,-6.721585,146.1,28.5,10,1.03,2025-8-6,11
1754477276.332150348,33.986706,-6.721585,146.1,28.5,10,1.03,2025-8-6,11
1754477276.343111853,33.986706,-6.721585,146.1,28.5,10,1.03,2025-8-6,11
1754477276.354196434,33.986706,-6.721585,146.1,28.5,10,1.03,2025-8-6,11
1754477276.365113616,33.986706,-6.721585,146.1,28.5,10,1.03,2025-8-6,11
1754477276.376111633,33.986706,-6.721585,146.1,28.5,10,1.03,2025-8-6,11
1754477276.387393040,33.986706,-6.721585,146.1,28.5,10,1.03,2025-8-6,11
1754477276.398080426,33.986706,-6.721585,146.1,28.5,10,1.03,2025-8-6,11
1754477276.409265321,33.986706,-6.721585,146.1,28.5,10,1.03,2025-8-6,11
1754477279.318128711,33.986874,-6.721783,145.5,33.2,9,1.06,2025-8-6,11
1754477279.329172093,33.986874,-6.721783,145.5,33.2,9,1.06,2025-8-6,11
1754477279.340516574,33.986874,-6.721783,145.5,33.2,9,1.06,2025-8-6,11
1754477279.351115521,33.986874,-6.721783,145.5,33.2,9,1.06,2025-8-6,11
1754477279.362411304,33.986874,-6.721783,145.5,33.2,9,1.06,2025-8-6,11
1754477279.374959662,33.986874,-6.721783,145.5,33.2,9,1.06,2025-8-6,11
1754477279.384093998,33.986874,-6.721783,145.5,33.2,9,1.06,2025-8-6,11
1754477279.395078681,33.986874,-6.721783,145.5,33.2,9,1.06,2025-8-6,11
1754477279.406321755,33.986874,-6.721783,145.5,33.2,9,1.06,2025-8-6,11
1754477282.321257554,33.987061,-6.722008,144.9,36.9,9,1.06,2025-8-6,11
1754477282.333229599,33.987061,-6.722008,144.9,36.9,9,1.06,2025-8-6,11
1754477282.343410830,33.987061,-6.722008,144.9,36.9,9,1.06,2025-8-6,11
1754477282.354218114,33.987061,-6.722008,144.9,36.9,9,1.06,2025-8-6,11
1754477282.365233995,33.987061,-6.722008,144.9,36.9,9,1.06,2025-8-6,11
1754477282.379466968,33.987061,-6.722008,144.9,36.9,9,1.06,2025-8-6,11
1754477282.388209057,33.987061,-6.722008,144.9,36.9,9,1.06,2025-8-6,11
1754477282.399122593,33.987061,-6.722008,144.9,36.9,9,1.06,2025-8-6,11
1754477282.410180768,33.987061,-6.722008,144.9,36.9,9,1.06,2025-8-6,11
1754477285.854895370,33.987247,-6.722234,144.8,30.6,9,1.07,2025-8-6,11
1754477285.854915683,33.987247,-6.722234,144.8,30.6,9,1.07,2025-8-6,11
1754477285.854928652,33.987247,-6.722234,144.8,30.6,9,1.07,2025-8-6,11
1754477285.854940631,33.987247,-6.722234,144.8,30.6,9,1.07,2025-8-6,11
1754477285.855247512,33.987247,-6.722234,144.8,30.6,9,1.07,2025-8-6,11
1754477285.855265793,33.987247,-6.722234,144.8,30.6,9,1.07,2025-8-6,11
1754477285.855654811,33.987247,-6.722234,144.8,30.6,9,1.07,2025-8-6,11
1754477285.855669395,33.987247,-6.722234,144.8,30.6,9,1.07,2025-8-6,11
1754477285.855681166,33.987247,-6.722234,144.8,30.6,9,1.07,2025-8-6,11
1754477285.855692624,33.987247,-6.722234,144.8,30.6,9,1.07,2025-8-6,11
1754477288.315510970,33.987343,-6.722349,144.8,8.7,9,1.07,2025-8-6,11
1754477288.326872431,33.987343,-6.722349,144.8,8.7,9,1.07,2025-8-6,11
1754477288.338569523,33.987343,-6.722349,144.8,8.7,9,1.07,2025-8-6,11
1754477288.348512156,33.987343,-6.722349,144.8,8.7,9,1.07,2025-8-6,11
1754477288.360145132,33.987343,-6.722349,144.8,8.7,9,1.07,2025-8-6,11
1754477288.370352926,33.987343,-6.722349,144.8,8.7,9,1.07,2025-8-6,11
1754477288.381490268,33.987343,-6.722349,144.8,8.7,9,1.07,2025-8-6,11
1754477288.392435888,33.987343,-6.722349,144.8,8.7,9,1.07,2025-8-6,11
1754477288.403537292,33.987343,-6.722349,144.8,8.7,9,1.07,2025-8-6,11
1754477288.414249314,33.987343,-6.722349,144.8,8.7,9,1.07,2025-8-6,11
1754477291.324619418,33.987366,-6.722377,145.0,5.7,10,1.07,2025-8-6,11
1754477291.334622521,33.987366,-6.722377,145.0,5.7,10,1.07,2025-8-6,11
1754477291.345373554,33.987366,-6.722377,145.0,5.7,10,1.07,2025-8-6,11
1754477291.356960853,33.987366,-6.722377,145.0,5.7,10,1.07,2025-8-6,11
1754477291.367397140,33.987366,-6.722377,145.0,5.7,10,1.07,2025-8-6,11
1754477291.378410730,33.987366,-6.722377,145.0,5.7,10,1.07,2025-8-6,11
1754477291.389432133,33.987366,-6.722377,145.0,5.7,10,1.07,2025-8-6,11
1754477291.400414212,33.987366,-6.722377,145.0,5.7,10,1.07,2025-8-6,11
1754477291.412363600,33.987366,-6.722377,145.0,5.7,10,1.07,2025-8-6,11
1754477294.322921578,33.987442,-6.722471,144.8,21.8,9,1.07,2025-8-6,11
1754477294.332878638,33.987442,-6.722471,144.8,21.8,9,1.07,2025-8-6,11
1754477294.343607639,33.987442,-6.722471,144.8,21.8,9,1.07,2025-8-6,11
1754477294.355509214,33.987442,-6.722471,144.8,21.8,9,1.07,2025-8-6,11
1754477294.365619558,33.987442,-6.722471,144.8,21.8,9,1.07,2025-8-6,11
1754477294.376663462,33.987442,-6.722471,144.8,21.8,9,1.07,2025-8-6,11
1754477294.388051850,33.987442,-6.722471,144.8,21.8,9,1.07,2025-8-6,11
1754477294.398419334,33.987442,-6.722471,144.8,21.8,9,1.07,2025-8-6,11
1754477294.409638970,33.987442,-6.722471,144.8,21.8,9,1.07,2025-8-6,11
1754477297.316175940,33.987591,-6.722640,144.5,28.7,9,1.07,2025-8-6,11
1754477297.326511809,33.987591,-6.722640,144.5,28.7,9,1.07,2025-8-6,11
1754477297.337490294,33.987591,-6.722640,144.5,28.7,9,1.07,2025-8-6,11
1754477297.348684252,33.987591,-6.722640,144.5,28.7,9,1.07,2025-8-6,11
1754477297.359463515,33.987591,-6.722640,144.5,28.7,9,1.07,2025-8-6,11
1754477297.370551117,33.987591,-6.722640,144.5,28.7,9,1.07,2025-8-6,11
1754477297.381498091,33.987591,-6.722640,144.5,28.7,9,1.07,2025-8-6,11
1754477297.392722675,33.987591,-6.722640,144.5,28.7,9,1.07,2025-8-6,11
1754477297.403642148,33.987591,-6.722640,144.5,28.7,9,1.07,2025-8-6,11
1754477297.414504590,33.987591,-6.722640,144.5,28.7,9,1.07,2025-8-6,11
1754477300.935467357,33.987701,-6.722788,144.6,19.0,10,0.90,2025-8-6,11
1754477300.935487357,33.987701,-6.722788,144.6,19.0,10,0.90,2025-8-6,11
1754477300.935500014,33.987701,-6.722788,144.6,19.0,10,0.90,2025-8-6,11
1754477300.935511056,33.987701,-6.722788,144.6,19.0,10,0.90,2025-8-6,11
1754477300.935522097,33.987701,-6.722788,144.6,19.0,10,0.90,2025-8-6,11
1754477300.935532879,33.987701,-6.722788,144.6,19.0,10,0.90,2025-8-6,11
1754477300.936345602,33.987701,-6.722788,144.6,19.0,10,0.90,2025-8-6,11
1754477300.936368519,33.987701,-6.722788,144.6,19.0,10,0.90,2025-8-6,11
1754477300.936381280,33.987701,-6.722788,144.6,19.0,10,0.90,2025-8-6,11
1754477303.324735923,33.987724,-6.722959,144.1,19.7,10,0.90,2025-8-6,11
1754477303.335764617,33.987724,-6.722959,144.1,19.7,10,0.90,2025-8-6,11
1754477303.347621973,33.987724,-6.722959,144.1,19.7,10,0.90,2025-8-6,11
1754477303.357664816,33.987724,-6.722959,144.1,19.7,10,0.90,2025-8-6,11
1754477303.368669812,33.987724,-6.722959,144.1,19.7,10,0.90,2025-8-6,11
1754477303.379621786,33.987724,-6.722959,144.1,19.7,10,0.90,2025-8-6,11
1754477303.390838505,33.987724,-6.722959,144.1,19.7,10,0.90,2025-8-6,11
1754477303.401625320,33.987724,-6.722959,144.1,19.7,10,0.90,2025-8-6,11
1754477303.412598493,33.987724,-6.722959,144.1,19.7,10,0.90,2025-8-6,11
1754477306.317810869,33.987682,-6.723045,143.9,7.7,10,0.90,2025-8-6,11
1754477306.329150195,33.987682,-6.723045,143.9,7.7,10,0.90,2025-8-6,11
1754477306.339832372,33.987682,-6.723045,143.9,7.7,10,0.90,2025-8-6,11
1754477306.350805910,33.987682,-6.723045,143.9,7.7,10,0.90,2025-8-6,11
1754477306.361763145,33.987682,-6.723045,143.9,7.7,10,0.90,2025-8-6,11
1754477306.372785120,33.987682,-6.723045,143.9,7.7,10,0.90,2025-8-6,11
1754477306.385006389,33.987682,-6.723045,143.9,7.7,10,0.90,2025-8-6,11
1754477306.394751987,33.987682,-6.723045,143.9,7.7,10,0.90,2025-8-6,11
1754477306.405642814,33.987682,-6.723045,143.9,7.7,10,0.90,2025-8-6,11
1754477309.322109207,33.987644,-6.723101,144.0,11.7,10,1.07,2025-8-6,11
1754477309.332916335,33.987644,-6.723101,144.0,11.7,10,1.07,2025-8-6,11
1754477309.344029250,33.987644,-6.723101,144.0,11.7,10,1.07,2025-8-6,11
1754477309.355015808,33.987644,-6.723101,144.0,11.7,10,1.07,2025-8-6,11
1754477309.365955751,33.987644,-6.723101,144.0,11.7,10,1.07,2025-8-6,11
1754477309.376891579,33.987644,-6.723101,144.0,11.7,10,1.07,2025-8-6,11
1754477309.387877513,33.987644,-6.723101,144.0,11.7,10,1.07,2025-8-6,11
1754477309.400508060,33.987644,-6.723101,144.0,11.7,10,1.07,2025-8-6,11
1754477309.410864867,33.987644,-6.723101,144.0,11.7,10,1.07,2025-8-6,11
1754477312.322261951,33.987526,-6.723252,144.3,30.3,9,1.01,2025-8-6,11
1754477312.332957254,33.987526,-6.723252,144.3,30.3,9,1.01,2025-8-6,11
1754477312.343787716,33.987526,-6.723252,144.3,30.3,9,1.01,2025-8-6,11
1754477312.354776254,33.987526,-6.723252,144.3,30.3,9,1.01,2025-8-6,11
1754477312.366016931,33.987526,-6.723252,144.3,30.3,9,1.01,2025-8-6,11
1754477312.376889581,33.987526,-6.723252,144.3,30.3,9,1.01,2025-8-6,11
1754477312.387789888,33.987526,-6.723252,144.3,30.3,9,1.01,2025-8-6,11
1754477312.398962700,33.987526,-6.723252,144.3,30.3,9,1.01,2025-8-6,11
1754477312.409938633,33.987526,-6.723252,144.3,30.3,9,1.01,2025-8-6,11
1754477316.090162098,33.987347,-6.723492,143.9,38.3,9,1.01,2025-8-6,11
1754477316.090829038,33.987347,-6.723492,143.9,38.3,9,1.01,2025-8-6,11
1754477316.090852372,33.987347,-6.723492,143.9,38.3,9,1.01,2025-8-6,11
1754477316.090866591,33.987347,-6.723492,143.9,38.3,9,1.01,2025-8-6,11
1754477316.090878935,33.987347,-6.723492,143.9,38.3,9,1.01,2025-8-6,11
1754477316.090891383,33.987347,-6.723492,143.9,38.3,9,1.01,2025-8-6,11
1754477316.090903258,33.987347,-6.723492,143.9,38.3,9,1.01,2025-8-6,11
1754477316.090915081,33.987347,-6.723492,143.9,38.3,9,1.01,2025-8-6,11
1754477316.090926748,33.987347,-6.723492,143.9,38.3,9,1.01,2025-8-6,11
1754477318.316054938,33.987160,-6.723734,142.9,32.2,10,0.90,2025-8-6,11
1754477318.327512808,33.987160,-6.723734,142.9,32.2,10,0.90,2025-8-6,11
1754477318.338024097,33.987160,-6.723734,142.9,32.2,10,0.90,2025-8-6,11
1754477318.348892632,33.987160,-6.723734,142.9,32.2,10,0.90,2025-8-6,11
1754477318.360062163,33.987160,-6.723734,142.9,32.2,10,0.90,2025-8-6,11
1754477318.371202161,33.987160,-6.723734,142.9,32.2,10,0.90,2025-8-6,11
1754477318.381915590,33.987160,-6.723734,142.9,32.2,10,0.90,2025-8-6,11
1754477318.392896784,33.987160,-6.723734,142.9,32.2,10,0.90,2025-8-6,11
1754477318.404442623,33.987160,-6.723734,142.9,32.2,10,0.90,2025-8-6,11
1754477318.415070477,33.987160,-6.723734,142.9,32.2,10,0.90,2025-8-6,11
1754477321.317866218,33.987026,-6.723914,143.5,24.1,10,0.90,2025-8-6,11
1754477321.328906475,33.987026,-6.723914,143.5,24.1,10,0.90,2025-8-6,11
1754477321.339899075,33.987026,-6.723914,143.5,24.1,10,0.90,2025-8-6,11
1754477321.350926728,33.987026,-6.723914,143.5,24.1,10,0.90,2025-8-6,11
1754477321.361893755,33.987026,-6.723914,143.5,24.1,10,0.90,2025-8-6,11
1754477321.372894533,33.987026,-6.723914,143.5,24.1,10,0.90,2025-8-6,11
1754477321.383953124,33.987026,-6.723914,143.5,24.1,10,0.90,2025-8-6,11
1754477321.394948432,33.987026,-6.723914,143.5,24.1,10,0.90,2025-8-6,11
1754477321.405925563,33.987026,-6.723914,143.5,24.1,10,0.90,2025-8-6,11
1754477324.318378363,33.986958,-6.724008,143.7,6.4,10,1.01,2025-8-6,11
1754477324.329339505,33.986958,-6.724008,143.7,6.4,10,1.01,2025-8-6,11
1754477324.340191425,33.986958,-6.724008,143.7,6.4,10,1.01,2025-8-6,11
1754477324.351070586,33.986958,-6.724008,143.7,6.4,10,1.01,2025-8-6,11
1754477324.361996570,33.986958,-6.724008,143.7,6.4,10,1.01,2025-8-6,11
1754477324.373297770,33.986958,-6.724008,143.7,6.4,10,1.01,2025-8-6,11
1754477324.384441311,33.986958,-6.724008,143.7,6.4,10,1.01,2025-8-6,11
1754477324.394992236,33.986958,-6.724008,143.7,6.4,10,1.01,2025-8-6,11
1754477324.405974159,33.986958,-6.724008,143.7,6.4,10,1.01,2025-8-6,11
1754477327.317224910,33.986923,-6.724051,143.8,9.1,10,0.90,2025-8-6,11
1754477327.328064486,33.986923,-6.724051,143.8,9.1,10,0.90,2025-8-6,11
1754477327.339105056,33.986923,-6.724051,143.8,9.1,10,0.90,2025-8-6,11
1754477327.350033853,33.986923,-6.724051,143.8,9.1,10,0.90,2025-8-6,11
1754477327.361281406,33.986923,-6.724051,143.8,9.1,10,0.90,2025-8-6,11
1754477327.372056138,33.986923,-6.724051,143.8,9.1,10,0.90,2025-8-6,11
1754477327.384222822,33.986923,-6.724051,143.8,9.1,10,0.90,2025-8-6,11
1754477327.393997327,33.986923,-6.724051,143.8,9.1,10,0.90,2025-8-6,11
1754477327.405054772,33.986923,-6.724051,143.8,9.1,10,0.90,2025-8-6,11
1754477331.181099059,33.986805,-6.724205,143.6,32.7,9,1.01,2025-8-6,11
1754477331.181121091,33.986805,-6.724205,143.6,32.7,9,1.01,2025-8-6,11
1754477331.181133800,33.986805,-6.724205,143.6,32.7,9,1.01,2025-8-6,11
1754477331.181148487,33.986805,-6.724205,143.6,32.7,9,1.01,2025-8-6,11
1754477331.181159946,33.986805,-6.724205,143.6,32.7,9,1.01,2025-8-6,11
1754477331.181798083,33.986805,-6.724205,143.6,32.7,9,1.01,2025-8-6,11
1754477331.181814177,33.986805,-6.724205,143.6,32.7,9,1.01,2025-8-6,11
1754477331.181823604,33.986805,-6.724205,143.6,32.7,9,1.01,2025-8-6,11
1754477331.181832302,33.986805,-6.724205,143.6,32.7,9,1.01,2025-8-6,11
1754477331.181840896,33.986805,-6.724205,143.6,32.7,9,1.01,2025-8-6,11
1754477333.321873459,33.986614,-6.724442,141.8,38.1,10,0.90,2025-8-6,11
1754477333.332704338,33.986614,-6.724442,141.8,38.1,10,0.90,2025-8-6,11
1754477333.344339919,33.986614,-6.724442,141.8,38.1,10,0.90,2025-8-6,11
1754477333.354160414,33.986614,-6.724442,141.8,38.1,10,0.90,2025-8-6,11
1754477333.365160254,33.986614,-6.724442,141.8,38.1,10,0.90,2025-8-6,11
1754477333.376250877,33.986614,-6.724442,141.8,38.1,10,0.90,2025-8-6,11
1754477333.387143788,33.986614,-6.724442,141.8,38.1,10,0.90,2025-8-6,11
1754477333.398330923,33.986614,-6.724442,141.8,38.1,10,0.90,2025-8-6,11
1754477333.409368628,33.986614,-6.724442,141.8,38.1,10,0.90,2025-8-6,11
1754477336.326375229,33.986443,-6.724667,141.4,25.8,10,0.90,2025-8-6,11
1754477336.337225483,33.986443,-6.724667,141.4,25.8,10,0.90,2025-8-6,11
1754477336.348206312,33.986443,-6.724667,141.4,25.8,10,0.90,2025-8-6,11
1754477336.359413969,33.986443,-6.724667,141.4,25.8,10,0.90,2025-8-6,11
1754477336.370198180,33.986443,-6.724667,141.4,25.8,10,0.90,2025-8-6,11
1754477336.381250885,33.986443,-6.724667,141.4,25.8,10,0.90,2025-8-6,11
1754477336.392114994,33.986443,-6.724667,141.4,25.8,10,0.90,2025-8-6,11
1754477336.403150407,33.986443,-6.724667,141.4,25.8,10,0.90,2025-8-6,11
1754477336.414371710,33.986443,-6.724667,141.4,25.8,10,0.90,2025-8-6,11
1754477339.323547440,33.986370,-6.724759,141.8,8.5,10,1.03,2025-8-6,11
1754477339.334284307,33.986370,-6.724759,141.8,8.5,10,1.03,2025-8-6,11
1754477339.345265240,33.986370,-6.724759,141.8,8.5,10,1.03,2025-8-6,11
1754477339.356311383,33.986370,-6.724759,141.8,8.5,10,1.03,2025-8-6,11
1754477339.367253253,33.986370,-6.724759,141.8,8.5,10,1.03,2025-8-6,11
1754477339.378241999,33.986370,-6.724759,141.8,8.5,10,1.03,2025-8-6,11
1754477339.389307934,33.986370,-6.724759,141.8,8.5,10,1.03,2025-8-6,11
1754477339.400374807,33.986370,-6.724759,141.8,8.5,10,1.03,2025-8-6,11
1754477339.412069868,33.986370,-6.724759,141.8,8.5,10,1.03,2025-8-6,11
1754477342.325585736,33.986305,-6.724848,141.5,16.9,10,1.03,2025-8-6,11
1754477342.337987217,33.986305,-6.724848,141.5,16.9,10,1.03,2025-8-6,11
1754477342.347521301,33.986305,-6.724848,141.5,16.9,10,1.03,2025-8-6,11
1754477342.358359940,33.986305,-6.724848,141.5,16.9,10,1.03,2025-8-6,11
1754477342.369381968,33.986305,-6.724848,141.5,16.9,10,1.03,2025-8-6,11
1754477342.380516810,33.986305,-6.724848,141.5,16.9,10,1.03,2025-8-6,11
1754477342.391445920,33.986305,-6.724848,141.5,16.9,10,1.03,2025-8-6,11
1754477342.402445239,33.986305,-6.724848,141.5,16.9,10,1.03,2025-8-6,11
1754477342.413566384,33.986305,-6.724848,141.5,16.9,10,1.03,2025-8-6,11
1754477346.266875940,33.986240,-6.724945,141.5,7.7,10,0.90,2025-8-6,11
1754477346.266898076,33.986240,-6.724945,141.5,7.7,10,0.90,2025-8-6,11
1754477346.266910628,33.986240,-6.724945,141.5,7.7,10,0.90,2025-8-6,11
1754477346.266922712,33.986240,-6.724945,141.5,7.7,10,0.90,2025-8-6,11
1754477346.266934378,33.986240,-6.724945,141.5,7.7,10,0.90,2025-8-6,11
1754477346.266945629,33.986240,-6.724945,141.5,7.7,10,0.90,2025-8-6,11
1754477346.266957035,33.986240,-6.724945,141.5,7.7,10,0.90,2025-8-6,11
1754477346.266968077,33.986240,-6.724945,141.5,7.7,10,0.90,2025-8-6,11
1754477346.266979015,33.986240,-6.724945,141.5,7.7,10,0.90,2025-8-6,11
1754477348.325394607,33.986233,-6.724956,142.0,0.0,10,1.03,2025-8-6,11
1754477348.335803655,33.986233,-6.724956,142.0,0.0,10,1.03,2025-8-6,11
1754477348.346950372,33.986233,-6.724956,142.0,0.0,10,1.03,2025-8-6,11
1754477348.357599373,33.986233,-6.724956,142.0,0.0,10,1.03,2025-8-6,11
1754477348.368587129,33.986233,-6.724956,142.0,0.0,10,1.03,2025-8-6,11
1754477348.379583532,33.986233,-6.724956,142.0,0.0,10,1.03,2025-8-6,11
1754477348.390663582,33.986233,-6.724956,142.0,0.0,10,1.03,2025-8-6,11
1754477348.402309215,33.986233,-6.724956,142.0,0.0,10,1.03,2025-8-6,11
1754477348.412627897,33.986233,-6.724956,142.0,0.0,10,1.03,2025-8-6,11
1754477351.380986153,33.986233,-6.724955,143.1,0.0,10,1.03,2025-8-6,11
1754477351.391750780,33.986233,-6.724955,143.1,0.0,10,1.03,2025-8-6,11
1754477351.402679317,33.986233,-6.724955,143.1,0.0,10,1.03,2025-8-6,11
1754477351.413797180,33.986233,-6.724955,143.1,0.0,10,1.03,2025-8-6,11
1754477354.321785567,33.986233,-6.724955,143.6,0.0,10,1.03,2025-8-6,11
1754477354.332477589,33.986233,-6.724955,143.6,0.0,10,1.03,2025-8-6,11
1754477354.343670453,33.986233,-6.724955,143.6,0.0,10,1.03,2025-8-6,11
1754477354.354472477,33.986233,-6.724955,143.6,0.0,10,1.03,2025-8-6,11
1754477354.365517110,33.986233,-6.724955,143.6,0.0,10,1.03,2025-8-6,11
1754477354.376492366,33.986233,-6.724955,143.6,0.0,10,1.03,2025-8-6,11
1754477354.387612990,33.986233,-6.724955,143.6,0.0,10,1.03,2025-8-6,11
1754477354.398588715,33.986233,-6.724955,143.6,0.0,10,1.03,2025-8-6,11
1754477354.409540221,33.986233,-6.724955,143.6,0.0,10,1.03,2025-8-6,11
1754477360.323187732,33.986237,-6.724955,143.9,0.0,10,1.07,2025-8-6,11
1754477361.357765740,33.986237,-6.724955,143.9,0.0,10,1.07,2025-8-6,11
1754477361.357808449,33.986237,-6.724955,143.9,0.0,10,1.07,2025-8-6,11
1754477361.357824126,33.986237,-6.724955,143.9,0.0,10,1.07,2025-8-6,11
1754477361.357837616,33.986237,-6.724955,143.9,0.0,10,1.07,2025-8-6,11
1754477361.357849335,33.986237,-6.724955,143.9,0.0,10,1.07,2025-8-6,11
1754477361.357861418,33.986237,-6.724955,143.9,0.0,10,1.07,2025-8-6,11
1754477361.357872669,33.986237,-6.724955,143.9,0.0,10,1.07,2025-8-6,11
1754477361.358110069,33.986237,-6.724955,143.9,0.0,10,1.07,2025-8-6,11
1754477366.380799139,33.986233,-6.724957,144.0,1.0,10,0.90,2025-8-6,11
1754477366.380819035,33.986233,-6.724957,144.0,1.0,10,0.90,2025-8-6,11
1754477366.380832004,33.986233,-6.724957,144.0,1.0,10,0.90,2025-8-6,11
1754477366.380843723,33.986233,-6.724957,144.0,1.0,10,0.90,2025-8-6,11
1754477366.380854713,33.986233,-6.724957,144.0,1.0,10,0.90,2025-8-6,11
1754477366.380865599,33.986233,-6.724957,144.0,1.0,10,0.90,2025-8-6,11
1754477366.385666574,33.986233,-6.724957,144.0,1.0,10,0.90,2025-8-6,11
1754477366.396723550,33.986233,-6.724957,144.0,1.0,10,0.90,2025-8-6,11
1754477366.407721151,33.986233,-6.724957,144.0,1.0,10,0.90,2025-8-6,11
1754477372.327015938,33.986237,-6.724972,144.1,1.0,10,0.90,2025-8-6,11
1754477372.338121613,33.986237,-6.724972,144.1,1.0,10,0.90,2025-8-6,11
1754477372.349155933,33.986237,-6.724972,144.1,1.0,10,0.90,2025-8-6,11
1754477372.360244421,33.986237,-6.724972,144.1,1.0,10,0.90,2025-8-6,11
1754477372.371458119,33.986237,-6.724972,144.1,1.0,10,0.90,2025-8-6,11
1754477372.382074150,33.986237,-6.724972,144.1,1.0,10,0.90,2025-8-6,11
1754477372.393005031,33.986237,-6.724972,144.1,1.0,10,0.90,2025-8-6,11
1754477372.404168208,33.986237,-6.724972,144.1,1.0,10,0.90,2025-8-6,11
1754477372.414865750,33.986237,-6.724972,144.1,1.0,10,0.90,2025-8-6,11
1754477378.318603859,33.986248,-6.724986,143.3,1.4,10,1.01,2025-8-6,11
1754477378.329192441,33.986248,-6.724986,143.3,1.4,10,1.01,2025-8-6,11
1754477378.339930975,33.986248,-6.724986,143.3,1.4,10,1.01,2025-8-6,11
1754477378.350938471,33.986248,-6.724986,143.3,1.4,10,1.01,2025-8-6,11
1754477378.361972791,33.986248,-6.724986,143.3,1.4,10,1.01,2025-8-6,11
1754477378.373018309,33.986248,-6.724986,143.3,1.4,10,1.01,2025-8-6,11
1754477378.384028098,33.986248,-6.724986,143.3,1.4,10,1.01,2025-8-6,11
1754477378.395257369,33.986248,-6.724986,143.3,1.4,10,1.01,2025-8-6,11
1754477378.406009757,33.986248,-6.724986,143.3,1.4,10,1.01,2025-8-6,11
1754477384.317535267,33.986256,-6.724985,143.9,0.6,10,0.90,2025-8-6,11
1754477384.328241872,33.986256,-6.724985,143.9,0.6,10,0.90,2025-8-6,11
1754477384.339112544,33.986256,-6.724985,143.9,0.6,10,0.90,2025-8-6,11
1754477384.349987590,33.986256,-6.724985,143.9,0.6,10,0.90,2025-8-6,11
1754477384.361462127,33.986256,-6.724985,143.9,0.6,10,0.90,2025-8-6,11
1754477384.372083627,33.986256,-6.724985,143.9,0.6,10,0.90,2025-8-6,11
1754477384.383265033,33.986256,-6.724985,143.9,0.6,10,0.90,2025-8-6,11
1754477384.394123933,33.986256,-6.724985,143.9,0.6,10,0.90,2025-8-6,11
1754477384.405082731,33.986256,-6.724985,143.9,0.6,10,0.90,2025-8-6,11
1754477384.416090175,33.986256,-6.724985,143.9,0.6,10,0.90,2025-8-6,11
1754477390.321236416,33.986244,-6.724982,145.1,0.7,10,0.90,2025-8-6,11
1754477390.333101064,33.986244,-6.724982,145.1,0.7,10,0.90,2025-8-6,11
1754477390.344871909,33.986244,-6.724982,145.1,0.7,10,0.90,2025-8-6,11
1754477390.354147446,33.986244,-6.724982,145.1,0.7,10,0.90,2025-8-6,11
1754477390.366150013,33.986244,-6.724982,145.1,0.7,10,0.90,2025-8-6,11
1754477390.376150773,33.986244,-6.724982,145.1,0.7,10,0.90,2025-8-6,11
1754477390.388165267,33.986244,-6.724982,145.1,0.7,10,0.90,2025-8-6,11
1754477390.407202132,33.986244,-6.724982,145.1,0.7,10,0.90,2025-8-6,11
1754477390.410134583,33.986244,-6.724982,145.1,0.7,10,0.90,2025-8-6,11
1754477393.322661755,33.986229,-6.724980,145.9,1.5,10,1.01,2025-8-6,11
1754477393.333317370,33.986229,-6.724980,145.9,1.5,10,1.01,2025-8-6,11
1754477393.344353461,33.986229,-6.724980,145.9,1.5,10,1.01,2025-8-6,11
1754477393.359524838,33.986229,-6.724980,145.9,1.5,10,1.01,2025-8-6,11
1754477393.366519655,33.986229,-6.724980,145.9,1.5,10,1.01,2025-8-6,11
1754477393.377555121,33.986229,-6.724980,145.9,1.5,10,1.01,2025-8-6,11
1754477393.389240652,33.986229,-6.724980,145.9,1.5,10,1.01,2025-8-6,11
1754477393.400290128,33.986229,-6.724980,145.9,1.5,10,1.01,2025-8-6,11
1754477393.411346845,33.986229,-6.724980,145.9,1.5,10,1.01,2025-8-6,11
1754477399.319871663,33.986217,-6.724974,145.8,0.2,10,1.13,2025-8-6,11
1754477399.330519049,33.986217,-6.724974,145.8,0.2,10,1.13,2025-8-6,11
1754477399.341693997,33.986217,-6.724974,145.8,0.2,10,1.13,2025-8-6,11
1754477399.352515032,33.986217,-6.724974,145.8,0.2,10,1.13,2025-8-6,11
1754477399.363429714,33.986217,-6.724974,145.8,0.2,10,1.13,2025-8-6,11
1754477399.374404242,33.986217,-6.724974,145.8,0.2,10,1.13,2025-8-6,11
1754477399.385608669,33.986217,-6.724974,145.8,0.2,10,1.13,2025-8-6,11
1754477399.396555279,33.986217,-6.724974,145.8,0.2,10,1.13,2025-8-6,11
1754477399.407441784,33.986217,-6.724974,145.8,0.2,10,1.13,2025-8-6,11
1754477405.322930498,33.986195,-6.724961,146.3,0.1,9,0.91,2025-8-6,11
1754477405.333946433,33.986195,-6.724961,146.3,0.1,9,0.91,2025-8-6,11
1754477405.344693404,33.986195,-6.724961,146.3,0.1,9,0.91,2025-8-6,11
1754477405.355492147,33.986195,-6.724961,146.3,0.1,9,0.91,2025-8-6,11
1754477405.366783764,33.986195,-6.724961,146.3,0.1,9,0.91,2025-8-6,11
1754477405.377510109,33.986195,-6.724961,146.3,0.1,9,0.91,2025-8-6,11
1754477405.388488231,33.986195,-6.724961,146.3,0.1,9,0.91,2025-8-6,11
1754477405.400370483,33.986195,-6.724961,146.3,0.1,9,0.91,2025-8-6,11
1754477405.410491505,33.986195,-6.724961,146.3,0.1,9,0.91,2025-8-6,11
1754477411.636990824,33.986183,-6.724954,144.9,0.2,10,0.91,2025-8-6,11
1754477411.637010668,33.986183,-6.724954,144.9,0.2,10,0.91,2025-8-6,11
1754477411.637024053,33.986183,-6.724954,144.9,0.2,10,0.91,2025-8-6,11
1754477411.637037231,33.986183,-6.724954,144.9,0.2,10,0.91,2025-8-6,11
1754477411.637048741,33.986183,-6.724954,144.9,0.2,10,0.91,2025-8-6,11
1754477411.637059575,33.986183,-6.724954,144.9,0.2,10,0.91,2025-8-6,11
1754477411.637955998,33.986183,-6.724954,144.9,0.2,10,0.91,2025-8-6,11
1754477411.638116157,33.986183,-6.724954,144.9,0.2,10,0.91,2025-8-6,11
1754477411.638127668,33.986183,-6.724954,144.9,0.2,10,0.91,2025-8-6,11
1754477417.319892423,33.986179,-6.724950,143.3,0.2,10,0.91,2025-8-6,11
1754477417.331043880,33.986179,-6.724950,143.3,0.2,10,0.91,2025-8-6,11
1754477417.341873249,33.986179,-6.724950,143.3,0.2,10,0.91,2025-8-6,11
1754477417.353829409,33.986179,-6.724950,143.3,0.2,10,0.91,2025-8-6,11
1754477417.364210124,33.986179,-6.724950,143.3,0.2,10,0.91,2025-8-6,11
1754477417.374865895,33.986179,-6.724950,143.3,0.2,10,0.91,2025-8-6,11
1754477417.387612799,33.986179,-6.724950,143.3,0.2,10,0.91,2025-8-6,11
1754477417.397726165,33.986179,-6.724950,143.3,0.2,10,0.91,2025-8-6,11
1754477417.408914447,33.986179,-6.724950,143.3,0.2,10,0.91,2025-8-6,11
1754477423.317803294,33.986179,-6.724947,142.9,0.1,9,0.99,2025-8-6,11
1754477423.329024909,33.986179,-6.724947,142.9,0.1,9,0.99,2025-8-6,11
1754477423.339861778,33.986179,-6.724947,142.9,0.1,9,0.99,2025-8-6,11
1754477423.350843545,33.986179,-6.724947,142.9,0.1,9,0.99,2025-8-6,11
1754477423.362006566,33.986179,-6.724947,142.9,0.1,9,0.99,2025-8-6,11
1754477423.372842549,33.986179,-6.724947,142.9,0.1,9,0.99,2025-8-6,11
1754477423.383816868,33.986179,-6.724947,142.9,0.1,9,0.99,2025-8-6,11
1754477423.395412501,33.986179,-6.724947,142.9,0.1,9,0.99,2025-8-6,11
1754477423.405882748,33.986179,-6.724947,142.9,0.1,9,0.99,2025-8-6,11
1754477429.320049783,33.986183,-6.724943,142.9,0.0,10,0.99,2025-8-6,11
1754477429.331108478,33.986183,-6.724943,142.9,0.0,10,0.99,2025-8-6,11
1754477429.341920815,33.986183,-6.724943,142.9,0.0,10,0.99,2025-8-6,11
1754477429.353155504,33.986183,-6.724943,142.9,0.0,10,0.99,2025-8-6,11
1754477429.363922319,33.986183,-6.724943,142.9,0.0,10,0.99,2025-8-6,11
1754477429.375154039,33.986183,-6.724943,142.9,0.0,10,0.99,2025-8-6,11
1754477429.385998356,33.986183,-6.724943,142.9,0.0,10,0.99,2025-8-6,11
1754477429.397160752,33.986183,-6.724943,142.9,0.0,10,0.99,2025-8-6,11
1754477429.407996162,33.986183,-6.724943,142.9,0.0,10,0.99,2025-8-6,11
1754477435.324445025,33.986191,-6.724940,142.9,0.1,10,0.99,2025-8-6,11
1754477435.335044962,33.986191,-6.724940,142.9,0.1,10,0.99,2025-8-6,11
1754477435.346242202,33.986191,-6.724940,142.9,0.1,10,0.99,2025-8-6,11
1754477435.357248189,33.986191,-6.724940,142.9,0.1,10,0.99,2025-8-6,11
1754477435.368093755,33.986191,-6.724940,142.9,0.1,10,0.99,2025-8-6,11
1754477435.379093961,33.986191,-6.724940,142.9,0.1,10,0.99,2025-8-6,11
1754477435.390068488,33.986191,-6.724940,142.9,0.1,10,0.99,2025-8-6,11
1754477435.401120465,33.986191,-6.724940,142.9,0.1,10,0.99,2025-8-6,11
1754477435.412053377,33.986191,-6.724940,142.9,0.1,10,0.99,2025-8-6,11
1754477441.839597308,33.986195,-6.724933,142.8,0.1,10,0.90,2025-8-6,11
1754477441.840441074,33.986195,-6.724933,142.8,0.1,10,0.90,2025-8-6,11
1754477441.840465502,33.986195,-6.724933,142.8,0.1,10,0.90,2025-8-6,11
1754477441.840479356,33.986195,-6.724933,142.8,0.1,10,0.90,2025-8-6,11
1754477441.840491127,33.986195,-6.724933,142.8,0.1,10,0.90,2025-8-6,11
1754477441.840502846,33.986195,-6.724933,142.8,0.1,10,0.90,2025-8-6,11
1754477441.840513888,33.986195,-6.724933,142.8,0.1,10,0.90,2025-8-6,11
1754477441.840524930,33.986195,-6.724933,142.8,0.1,10,0.90,2025-8-6,11
1754477444.325523257,33.986195,-6.724933,141.3,0.1,10,0.90,2025-8-6,11
1754477444.702386797,33.986195,-6.724933,141.3,0.1,10,0.90,2025-8-6,11
1754477447.320540787,33.986191,-6.724935,139.7,0.1,10,0.90,2025-8-6,11
1754477447.331492085,33.986191,-6.724935,139.7,0.1,10,0.90,2025-8-6,11
1754477447.342285881,33.986191,-6.724935,139.7,0.1,10,0.90,2025-8-6,11
1754477447.397523265,33.986183,-6.724935,137.8,0.1,10,0.90,2025-8-6,11
1754477447.411460921,33.986183,-6.724935,137.8,0.1,10,0.90,2025-8-6,11
1754477450.324576511,33.986183,-6.724934,136.4,0.1,10,0.98,2025-8-6,11
1754477450.338357132,33.986183,-6.724934,136.4,0.1,10,0.98,2025-8-6,11
1754477450.346590151,33.986183,-6.724934,136.4,0.1,10,0.98,2025-8-6,11
1754477450.357353372,33.986183,-6.724934,136.4,0.1,10,0.98,2025-8-6,11
1754477450.685363293,33.986179,-6.724932,135.9,0.1,10,0.98,2025-8-6,11
1754477453.327149658,33.986176,-6.724934,134.0,0.2,10,0.90,2025-8-6,11
1754477453.337846368,33.986176,-6.724934,134.0,0.2,10,0.90,2025-8-6,11
1754477453.348895793,33.986176,-6.724934,134.0,0.2,10,0.90,2025-8-6,11
1754477453.359563440,33.986176,-6.724934,134.0,0.2,10,0.90,2025-8-6,11
1754477453.568042642,33.986176,-6.724934,133.4,0.0,10,0.90,2025-8-6,11
1754477456.925489602,33.986172,-6.724934,132.5,0.0,10,0.90,2025-8-6,11
1754477456.925509602,33.986172,-6.724934,132.5,0.0,10,0.90,2025-8-6,11
1754477456.925522936,33.986172,-6.724934,132.5,0.0,10,0.90,2025-8-6,11
1754477456.925535071,33.986172,-6.724934,132.5,0.0,10,0.90,2025-8-6,11
1754477456.925546895,33.986172,-6.724934,132.5,0.0,10,0.90,2025-8-6,11
1754477456.925557884,33.986172,-6.724934,132.0,0.1,10,0.98,2025-8-6,11
1754477459.326914562,33.986172,-6.724933,131.4,0.1,10,0.98,2025-8-6,11
1754477459.337748931,33.986172,-6.724933,131.4,0.1,10,0.98,2025-8-6,11
1754477459.349502119,33.986172,-6.724933,131.4,0.1,10,0.98,2025-8-6,11
1754477459.359758561,33.986172,-6.724933,131.4,0.1,10,0.98,2025-8-6,11
1754477459.370616888,33.986172,-6.724933,131.4,0.1,10,0.98,2025-8-6,11
1754477459.620934840,33.986172,-6.724934,131.3,0.1,10,0.90,2025-8-6,11
1754477462.326533551,33.986168,-6.724934,130.8,0.0,10,0.98,2025-8-6,11
1754477462.337563653,33.986168,-6.724934,130.8,0.0,10,0.98,2025-8-6,11
1754477462.348552452,33.986168,-6.724934,130.8,0.0,10,0.98,2025-8-6,11
1754477462.360076573,33.986168,-6.724934,130.8,0.0,10,0.98,2025-8-6,11
1754477462.370737710,33.986168,-6.724934,130.8,0.0,10,0.98,2025-8-6,11
1754477462.381583537,33.986168,-6.724934,130.8,0.0,10,0.98,2025-8-6,11
1754477462.632141129,33.986168,-6.724934,130.7,0.1,10,0.90,2025-8-6,11
1754477465.319554973,33.986168,-6.724935,130.1,0.2,10,0.90,2025-8-6,11
1754477465.330838257,33.986168,-6.724935,130.1,0.2,10,0.90,2025-8-6,11
1754477465.341786430,33.986168,-6.724935,130.1,0.2,10,0.90,2025-8-6,11
1754477465.352608090,33.986168,-6.724935,130.1,0.2,10,0.90,2025-8-6,11
1754477465.363695432,33.986168,-6.724935,130.1,0.2,10,0.90,2025-8-6,11
1754477465.374624647,33.986168,-6.724935,130.1,0.2,10,0.90,2025-8-6,11
1754477465.385615425,33.986168,-6.724935,130.1,0.2,10,0.90,2025-8-6,11
1754477465.636358228,33.986168,-6.724936,129.9,0.1,10,0.90,2025-8-6,11
1754477468.324742875,33.986164,-6.724936,129.7,0.0,10,0.90,2025-8-6,11
1754477468.335607766,33.986164,-6.724936,129.7,0.0,10,0.90,2025-8-6,11
1754477468.346616096,33.986164,-6.724936,129.7,0.0,10,0.90,2025-8-6,11
1754477468.358491891,33.986164,-6.724936,129.7,0.0,10,0.90,2025-8-6,11
1754477468.368680570,33.986164,-6.724936,129.7,0.0,10,0.90,2025-8-6,11
1754477468.379877758,33.986164,-6.724936,129.7,0.0,10,0.90,2025-8-6,11
1754477468.390642439,33.986164,-6.724936,129.7,0.0,10,0.90,2025-8-6,11
1754477468.641993900,33.986168,-6.724936,129.7,0.0,10,0.90,2025-8-6,11
1754477472.014773094,33.986168,-6.724935,129.7,0.0,10,0.90,2025-8-6,11
1754477472.016308070,33.986168,-6.724935,129.7,0.0,10,0.90,2025-8-6,11
1754477472.016371092,33.986168,-6.724935,129.7,0.0,10,0.90,2025-8-6,11
1754477472.016386093,33.986168,-6.724935,129.7,0.0,10,0.90,2025-8-6,11
1754477472.016395207,33.986168,-6.724935,129.7,0.0,10,0.90,2025-8-6,11
1754477472.016404374,33.986168,-6.724935,129.7,0.0,10,0.90,2025-8-6,11
1754477472.016412656,33.986168,-6.724935,129.7,0.0,10,0.90,2025-8-6,11
1754477472.016420781,33.986168,-6.724935,129.7,0.0,10,0.90,2025-8-6,11
1754477472.016428750,33.986172,-6.724934,129.7,0.1,10,0.90,2025-8-6,11
1754477474.320869050,33.986176,-6.724932,130.0,0.1,10,0.90,2025-8-6,11
1754477474.331174346,33.986176,-6.724932,130.0,0.1,10,0.90,2025-8-6,11
1754477474.341937047,33.986176,-6.724932,130.0,0.1,10,0.90,2025-8-6,11
1754477474.352856418,33.986176,-6.724932,130.0,0.1,10,0.90,2025-8-6,11
1754477474.363905791,33.986176,-6.724932,130.0,0.1,10,0.90,2025-8-6,11
1754477474.375004852,33.986176,-6.724932,130.0,0.1,10,0.90,2025-8-6,11
1754477474.385751094,33.986176,-6.724932,130.0,0.1,10,0.90,2025-8-6,11
1754477474.396801196,33.986176,-6.724932,130.0,0.1,10,0.90,2025-8-6,11
1754477474.407677285,33.986176,-6.724932,130.0,0.1,10,0.90,2025-8-6,11
1754477477.322572627,33.986179,-6.724931,130.1,0.1,10,0.90,2025-8-6,11
1754477477.332841621,33.986179,-6.724931,130.1,0.1,10,0.90,2025-8-6,11
1754477477.343984381,33.986179,-6.724931,130.1,0.1,10,0.90,2025-8-6,11
1754477477.355028233,33.986179,-6.724931,130.1,0.1,10,0.90,2025-8-6,11
1754477477.366009011,33.986179,-6.724931,130.1,0.1,10,0.90,2025-8-6,11
1754477477.376853640,33.986179,-6.724931,130.1,0.1,10,0.90,2025-8-6,11
1754477477.387829783,33.986179,-6.724931,130.1,0.1,10,0.90,2025-8-6,11
1754477477.398825353,33.986179,-6.724931,130.1,0.1,10,0.90,2025-8-6,11
1754477477.409845819,33.986179,-6.724931,130.1,0.1,10,0.90,2025-8-6,11
1754477480.318554747,33.986183,-6.724931,130.2,0.1,10,0.90,2025-8-6,11
1754477480.329051558,33.986183,-6.724931,130.2,0.1,10,0.90,2025-8-6,11
1754477480.340012075,33.986183,-6.724931,130.2,0.1,10,0.90,2025-8-6,11
1754477480.351786826,33.986183,-6.724931,130.2,0.1,10,0.90,2025-8-6,11
1754477480.362052694,33.986183,-6.724931,130.2,0.1,10,0.90,2025-8-6,11
1754477480.372873261,33.986183,-6.724931,130.2,0.1,10,0.90,2025-8-6,11
1754477480.383987583,33.986183,-6.724931,130.2,0.1,10,0.90,2025-8-6,11
1754477480.395190657,33.986183,-6.724931,130.2,0.1,10,0.90,2025-8-6,11
1754477480.405865179,33.986183,-6.724931,130.2,0.1,10,0.90,2025-8-6,11
1754477480.417343310,33.986183,-6.724931,130.2,0.1,10,0.90,2025-8-6,11
1754477483.326837933,33.986187,-6.724931,130.8,0.0,10,0.98,2025-8-6,11
1754477483.337852722,33.986187,-6.724931,130.8,0.0,10,0.98,2025-8-6,11
1754477483.348860115,33.986187,-6.724931,130.8,0.0,10,0.98,2025-8-6,11
1754477483.359890321,33.986187,-6.724931,130.8,0.0,10,0.98,2025-8-6,11
1754477483.370865630,33.986187,-6.724931,130.8,0.0,10,0.98,2025-8-6,11
1754477483.381844898,33.986187,-6.724931,130.8,0.0,10,0.98,2025-8-6,11
1754477483.392955782,33.986187,-6.724931,130.8,0.0,10,0.98,2025-8-6,11
1754477483.403904476,33.986187,-6.724931,130.8,0.0,10,0.98,2025-8-6,11
1754477483.414880306,33.986187,-6.724931,130.8,0.0,10,0.98,2025-8-6,11
1754477487.100034101,33.986187,-6.724938,129.0,0.4,10,0.90,2025-8-6,11
1754477487.100056601,33.986187,-6.724938,129.0,0.4,10,0.90,2025-8-6,11
1754477487.100069466,33.986187,-6.724938,129.0,0.4,10,0.90,2025-8-6,11
1754477487.100080925,33.986187,-6.724938,129.0,0.4,10,0.90,2025-8-6,11
1754477487.100092175,33.986187,-6.724938,129.0,0.4,10,0.90,2025-8-6,11
1754477487.100806459,33.986187,-6.724938,129.0,0.4,10,0.90,2025-8-6,11
1754477487.100829376,33.986187,-6.724938,129.0,0.4,10,0.90,2025-8-6,11
1754477487.100842397,33.986187,-6.724938,129.0,0.4,10,0.90,2025-8-6,11
1754477487.100853648,33.986187,-6.724938,129.0,0.4,10,0.90,2025-8-6,11
1754477489.319799032,33.986179,-6.724921,128.5,4.6,10,1.01,2025-8-6,11
1754477489.330075995,33.986179,-6.724921,128.5,4.6,10,1.01,2025-8-6,11
1754477489.342080802,33.986179,-6.724921,128.5,4.6,10,1.01,2025-8-6,11
1754477489.352067499,33.986179,-6.724921,128.5,4.6,10,1.01,2025-8-6,11
1754477489.362943015,33.986179,-6.724921,128.5,4.6,10,1.01,2025-8-6,11
1754477489.374115567,33.986179,-6.724921,128.5,4.6,10,1.01,2025-8-6,11
1754477489.385295776,33.986179,-6.724921,128.5,4.6,10,1.01,2025-8-6,11
1754477489.396063112,33.986179,-6.724921,128.5,4.6,10,1.01,2025-8-6,11
1754477489.407244519,33.986179,-6.724921,128.5,4.6,10,1.01,2025-8-6,11
1754477492.324236740,33.986183,-6.724914,129.8,0.4,10,0.90,2025-8-6,11
1754477492.335430908,33.986183,-6.724914,129.8,0.4,10,0.90,2025-8-6,11
1754477492.346386581,33.986183,-6.724914,129.8,0.4,10,0.90,2025-8-6,11
1754477492.357090166,33.986183,-6.724914,129.8,0.4,10,0.90,2025-8-6,11
1754477492.368095007,33.986183,-6.724914,129.8,0.4,10,0.90,2025-8-6,11
1754477492.379088962,33.986183,-6.724914,129.8,0.4,10,0.90,2025-8-6,11
1754477492.390059949,33.986183,-6.724914,129.8,0.4,10,0.90,2025-8-6,11
1754477492.401113072,33.986183,-6.724914,129.8,0.4,10,0.90,2025-8-6,11
1754477492.412309583,33.986183,-6.724914,129.8,0.4,10,0.90,2025-8-6,11
1754477495.318085973,33.986187,-6.724912,131.5,0.2,10,1.01,2025-8-6,11
1754477495.329109512,33.986187,-6.724912,131.5,0.2,10,1.01,2025-8-6,11
1754477495.340203365,33.986187,-6.724912,131.5,0.2,10,1.01,2025-8-6,11
1754477495.351129767,33.986187,-6.724912,131.5,0.2,10,1.01,2025-8-6,11
1754477495.362182005,33.986187,-6.724912,131.5,0.2,10,1.01,2025-8-6,11
1754477495.373177366,33.986187,-6.724912,131.5,0.2,10,1.01,2025-8-6,11
1754477495.384375388,33.986187,-6.724912,131.5,0.2,10,1.01,2025-8-6,11
1754477495.395106630,33.986187,-6.724912,131.5,0.2,10,1.01,2025-8-6,11
1754477495.406214233,33.986187,-6.724912,131.5,0.2,10,1.01,2025-8-6,11
1754477498.327393519,33.986183,-6.724908,133.7,0.2,10,0.90,2025-8-6,11
1754477498.338305598,33.986183,-6.724908,133.7,0.2,10,0.90,2025-8-6,11
1754477498.349417889,33.986183,-6.724908,133.7,0.2,10,0.90,2025-8-6,11
1754477498.360294498,33.986183,-6.724908,133.7,0.2,10,0.90,2025-8-6,11
1754477498.371363663,33.986183,-6.724908,133.7,0.2,10,0.90,2025-8-6,11
1754477498.382338764,33.986183,-6.724908,133.7,0.2,10,0.90,2025-8-6,11
1754477498.393125528,33.986183,-6.724908,133.7,0.2,10,0.90,2025-8-6,11
1754477498.404158963,33.986183,-6.724908,133.7,0.2,10,0.90,2025-8-6,11
1754477498.415230211,33.986183,-6.724908,133.7,0.2,10,0.90,2025-8-6,11
1754477502.187058250,33.986179,-6.724904,136.2,0.2,10,0.90,2025-8-6,11
1754477502.187079865,33.986179,-6.724904,136.2,0.2,10,0.90,2025-8-6,11
1754477502.187092417,33.986179,-6.724904,136.2,0.2,10,0.90,2025-8-6,11
1754477502.187103928,33.986179,-6.724904,136.2,0.2,10,0.90,2025-8-6,11
1754477502.187115543,33.986179,-6.724904,136.2,0.2,10,0.90,2025-8-6,11
1754477502.187127054,33.986179,-6.724904,136.2,0.2,10,0.90,2025-8-6,11
1754477502.187138147,33.986179,-6.724904,136.2,0.2,10,0.90,2025-8-6,11
1754477502.187148981,33.986179,-6.724904,136.2,0.2,10,0.90,2025-8-6,11
1754477502.187159658,33.986179,-6.724904,136.2,0.2,10,0.90,2025-8-6,11
1754477504.320344287,33.986176,-6.724902,138.2,0.1,10,0.90,2025-8-6,11
1754477504.331455953,33.986176,-6.724902,138.2,0.1,10,0.90,2025-8-6,11
1754477504.342269801,33.986176,-6.724902,138.2,0.1,10,0.90,2025-8-6,11
1754477504.353321830,33.986176,-6.724902,138.2,0.1,10,0.90,2025-8-6,11
1754477504.364333130,33.986176,-6.724902,138.2,0.1,10,0.90,2025-8-6,11
1754477504.375457973,33.986176,-6.724902,138.2,0.1,10,0.90,2025-8-6,11
1754477504.386435886,33.986176,-6.724902,138.2,0.1,10,0.90,2025-8-6,11
1754477504.397497447,33.986176,-6.724902,138.2,0.1,10,0.90,2025-8-6,11
1754477504.408623019,33.986176,-6.724902,138.2,0.1,10,0.90,2025-8-6,11
