timestamp,can_id,dlc,data_hex,data_bytes
1753804023.572663678,155,8,07 97 CC 54 86 30 00 71,07 97 CC 54 86 30 00 71
1753804023.623762529,155,8,07 97 CC 54 86 30 00 71,07 97 CC 54 86 30 00 71
1753804023.674895451,155,8,07 97 CC 54 86 30 00 71,07 97 CC 54 86 30 00 71
1753804023.725958823,155,8,07 97 CC 54 86 30 00 71,07 97 CC 54 86 30 00 71
1753804023.777040717,155,8,07 97 CC 54 86 30 00 71,07 97 CC 54 86 30 00 71
1753804023.828164038,155,8,07 97 CC 54 86 30 00 71,07 97 CC 54 86 30 00 71
1753804023.879159269,155,8,07 97 CC 54 86 30 00 71,07 97 CC 54 86 30 00 71
1753804023.930248624,155,8,07 97 CC 54 86 30 00 71,07 97 CC 54 86 30 00 71
1753804023.981436226,155,8,07 97 CC 54 86 30 00 71,07 97 CC 54 86 30 00 71
1753804024.032500667,155,8,07 97 CC 54 86 30 00 71,07 97 CC 54 86 30 00 71
1753804024.083527805,423,8,03 24 FF FF 00 E0 00 DD,03 24 FF FF 00 E0 00 DD
1753804024.134622712,5D7,7,FF FF 00 55 B2 40 00,FF FF 00 55 B2 40 00
1753804024.185697846,423,8,03 24 FF FF 00 E0 00 DD,03 24 FF FF 00 E0 00 DD
1753804024.236819881,5D7,7,FF FF 00 55 B2 40 00,FF FF 00 55 B2 40 00
1753804024.287878894,597,8,00 D4 0A B1 2D 00 01 50,00 D4 0A B1 2D 00 01 50
1753804024.338960550,599,8,00 00 0D B6 FF 1E FF FF,00 00 0D B6 FF 1E FF FF
1753804024.390116391,155,8,07 97 CC 54 86 30 00 71,07 97 CC 54 86 30 00 71
1753804024.441201646,599,8,00 00 0D B6 FF 1E FF FF,00 00 0D B6 FF 1E FF FF
1753804024.492287840,155,8,07 97 CD 54 86 30 00 71,07 97 CD 54 86 30 00 71
1753804024.543301518,155,8,07 97 CD 54 86 30 00 71,07 97 CD 54 86 30 00 71
1753804024.594455638,424,8,11 40 13 28 48 64 00 49,11 40 13 28 48 64 00 49
1753804024.645446047,436,6,00 00 01 E3 00 00,00 00 01 E3 00 00
1753804024.696528642,155,8,07 97 CD 54 86 28 00 71,07 97 CD 54 86 28 00 71
1753804024.747725750,155,8,07 97 CD 54 86 28 00 71,07 97 CD 54 86 28 00 71
1753804024.798748609,155,8,07 97 CD 54 86 28 00 71,07 97 CD 54 86 28 00 71
1753804024.849842264,155,8,07 97 CD 54 86 28 00 71,07 97 CD 54 86 28 00 71
1753804024.900887504,155,8,07 97 CD 54 86 28 00 71,07 97 CD 54 86 28 00 71
1753804024.951955126,155,8,07 97 CD 54 86 28 00 71,07 97 CD 54 86 28 00 71
1753804025.003093021,155,8,07 97 CD 54 86 28 00 71,07 97 CD 54 86 28 00 71
1753804025.054135866,155,8,07 97 CD 54 86 28 00 71,07 97 CD 54 86 28 00 71
1753804025.105303623,155,8,07 97 CD 54 86 28 00 71,07 97 CD 54 86 28 00 71
1753804025.156337368,155,8,07 97 CD 54 86 28 00 71,07 97 CD 54 86 28 00 71
1753804025.207423904,155,8,07 97 CD 54 86 28 00 71,07 97 CD 54 86 28 00 71
1753804025.258474916,155,8,07 97 CD 54 86 28 00 71,07 97 CD 54 86 28 00 71
1753804025.309547889,155,8,07 97 CD 54 86 28 00 71,07 97 CD 54 86 28 00 71
1753804025.360608186,155,8,07 97 CC 54 86 28 00 71,07 97 CC 54 86 28 00 71
1753804025.411694514,155,8,07 97 CC 54 86 28 00 71,07 97 CC 54 86 28 00 71
1753804025.462790335,155,8,07 97 CC 54 86 28 00 71,07 97 CC 54 86 28 00 71
1753804025.513898781,155,8,07 97 CC 54 86 28 00 71,07 97 CC 54 86 28 00 71
1753804025.564973371,155,8,07 97 CC 54 86 28 00 71,07 97 CC 54 86 28 00 71
1753804025.616250207,155,8,07 97 CC 54 86 28 00 71,07 97 CC 54 86 28 00 71
1753804025.667127821,155,8,07 97 CC 54 86 28 00 71,07 97 CC 54 86 28 00 71
1753804025.718189735,155,8,07 97 CC 54 86 28 00 71,07 97 CC 54 86 28 00 71
1753804025.769622232,155,8,07 97 CC 54 86 28 00 71,07 97 CC 54 86 28 00 71
1753804025.820314502,155,8,07 97 CC 54 86 28 00 71,07 97 CC 54 86 28 00 71
1753804025.871451274,155,8,07 97 CC 54 86 28 00 71,07 97 CC 54 86 28 00 71
1753804025.922455232,155,8,07 97 CC 54 86 28 00 71,07 97 CC 54 86 28 00 71
1753804025.973642447,155,8,07 97 CC 54 86 28 00 71,07 97 CC 54 86 28 00 71
1753804026.024636025,155,8,07 97 CC 54 86 28 00 71,07 97 CC 54 86 28 00 71
1753804026.075720751,155,8,07 97 CC 54 86 28 00 71,07 97 CC 54 86 28 00 71
1753804026.126851901,155,8,07 97 CC 54 86 28 00 71,07 97 CC 54 86 28 00 71
1753804026.177884989,155,8,07 97 CC 54 86 28 00 71,07 97 CC 54 86 28 00 71
1753804026.229026832,155,8,07 97 CC 54 86 28 00 71,07 97 CC 54 86 28 00 71
1753804026.280106135,155,8,07 97 CC 54 86 28 00 71,07 97 CC 54 86 28 00 71
1753804026.331151742,155,8,07 97 CC 54 86 28 00 71,07 97 CC 54 86 28 00 71
1753804026.382229740,155,8,07 97 CC 54 86 28 00 71,07 97 CC 54 86 28 00 71
1753804026.433305131,155,8,07 97 CC 54 86 28 00 71,07 97 CC 54 86 28 00 71
1753804026.484382034,155,8,07 97 CC 54 86 28 00 71,07 97 CC 54 86 28 00 71
1753804026.535446158,155,8,07 97 CC 54 86 28 00 71,07 97 CC 54 86 28 00 71
1753804026.586552949,155,8,07 97 CC 54 86 28 00 71,07 97 CC 54 86 28 00 71
1753804026.637630478,5D7,7,FF FF 00 55 B2 40 00,FF FF 00 55 B2 40 00
1753804026.688648335,423,8,03 24 FF FF 00 E0 00 DD,03 24 FF FF 00 E0 00 DD
1753804026.739769679,5D7,7,FF FF 00 55 B2 40 00,FF FF 00 55 B2 40 00
1753804026.790844235,423,8,03 24 FF FF 00 E0 00 DD,03 24 FF FF 00 E0 00 DD
1753804026.841848322,5D7,7,FF FF 00 55 B2 40 00,FF FF 00 55 B2 40 00
1753804026.892926581,155,8,07 97 CC 54 86 28 00 71,07 97 CC 54 86 28 00 71
1753804026.943999833,599,8,00 00 0D B6 FF 1E FF FF,00 00 0D B6 FF 1E FF FF
1753804026.995156177,155,8,07 97 CC 54 86 28 00 71,07 97 CC 54 86 28 00 71
1753804027.046226576,155,8,07 97 CC 54 86 28 00 71,07 97 CC 54 86 28 00 71
1753804027.097323441,155,8,07 97 CC 54 86 28 00 71,07 97 CC 54 86 28 00 71
1753804027.148356623,436,6,00 00 01 E3 00 00,00 00 01 E3 00 00
1753804027.199444831,155,8,07 97 CC 54 86 28 00 71,07 97 CC 54 86 28 00 71
1753804027.250540340,436,6,00 00 01 E3 00 00,00 00 01 E3 00 00
1753804027.301612483,155,8,07 97 CC 54 86 28 00 71,07 97 CC 54 86 28 00 71
1753804027.352679724,155,8,07 97 CC 54 86 28 00 71,07 97 CC 54 86 28 00 71
1753804027.403684481,155,8,07 97 CC 54 86 28 00 71,07 97 CC 54 86 28 00 71
1753804027.454779625,155,8,07 97 CC 54 86 28 00 71,07 97 CC 54 86 28 00 71
1753804027.505899648,155,8,07 97 CC 54 86 28 00 71,07 97 CC 54 86 28 00 71
1753804027.556972208,155,8,07 97 CC 54 86 28 00 71,07 97 CC 54 86 28 00 71
1753804027.607973419,155,8,07 97 CC 54 86 28 00 71,07 97 CC 54 86 28 00 71
1753804027.659108671,155,8,07 97 CC 54 86 28 00 71,07 97 CC 54 86 28 00 71
1753804027.710114941,155,8,07 97 CC 54 86 28 00 71,07 97 CC 54 86 28 00 71
1753804027.761260207,155,8,07 97 CC 54 86 28 00 71,07 97 CC 54 86 28 00 71
1753804027.812332611,155,8,07 97 CC 54 86 28 00 71,07 97 CC 54 86 28 00 71
1753804027.863427129,155,8,07 97 CC 54 86 28 00 71,07 97 CC 54 86 28 00 71
1753804027.914396785,155,8,07 97 CC 54 86 28 00 71,07 97 CC 54 86 28 00 71
1753804027.965538974,155,8,07 97 CC 54 86 28 00 71,07 97 CC 54 86 28 00 71
1753804028.016538669,155,8,07 97 CC 54 86 28 00 71,07 97 CC 54 86 28 00 71
1753804028.067633751,155,8,07 97 CC 54 86 28 00 71,07 97 CC 54 86 28 00 71
1753804028.118743121,155,8,07 97 CC 54 86 28 00 71,07 97 CC 54 86 28 00 71
1753804028.169777340,155,8,07 97 CC 54 86 28 00 71,07 97 CC 54 86 28 00 71
1753804028.220844884,155,8,07 97 CC 54 86 28 00 71,07 97 CC 54 86 28 00 71
1753804028.271917382,155,8,07 97 CC 54 86 28 00 71,07 97 CC 54 86 28 00 71
1753804028.322928080,155,8,07 97 CC 54 86 28 00 71,07 97 CC 54 86 28 00 71
1753804028.373992078,155,8,07 97 CC 54 86 28 00 71,07 97 CC 54 86 28 00 71
1753804028.425047783,155,8,07 97 CC 54 86 28 00 71,07 97 CC 54 86 28 00 71
1753804028.476177023,155,8,07 97 CC 54 86 28 00 71,07 97 CC 54 86 28 00 71
1753804029.522940614,155,8,07 97 CC 54 86 28 00 71,07 97 CC 54 86 28 00 71
1753804029.522970652,155,8,07 97 CC 54 86 28 00 71,07 97 CC 54 86 28 00 71
1753804029.522975084,155,8,07 97 CC 54 86 28 00 71,07 97 CC 54 86 28 00 71
1753804029.522978787,155,8,07 97 CC 54 86 28 00 71,07 97 CC 54 86 28 00 71
1753804029.522982124,155,8,07 97 CC 54 86 28 00 71,07 97 CC 54 86 28 00 71
1753804029.522985462,155,8,07 97 CC 54 86 28 00 71,07 97 CC 54 86 28 00 71
1753804029.523001159,155,8,07 97 CC 54 86 28 00 71,07 97 CC 54 86 28 00 71
1753804029.523005070,155,8,07 97 CC 54 86 28 00 71,07 97 CC 54 86 28 00 71
1753804029.523008459,155,8,07 97 CC 54 86 28 00 71,07 97 CC 54 86 28 00 71
1753804029.523011745,155,8,07 97 CC 54 86 28 00 71,07 97 CC 54 86 28 00 71
1753804029.523015030,155,8,07 97 CC 54 86 28 00 71,07 97 CC 54 86 28 00 71
1753804029.523018524,155,8,07 97 CC 54 86 28 00 71,07 97 CC 54 86 28 00 71
1753804029.523021914,155,8,07 97 CC 54 86 28 00 71,07 97 CC 54 86 28 00 71
1753804029.523025043,423,8,03 24 FF FF 00 E0 00 DD,03 24 FF FF 00 E0 00 DD
1753804029.523028484,5D7,7,FF FF 00 55 B2 40 00,FF FF 00 55 B2 40 00
1753804029.523032083,423,8,03 24 FF FF 00 E0 00 DD,03 24 FF FF 00 E0 00 DD
1753804029.523035420,5D7,7,FF FF 00 55 B2 40 00,FF FF 00 55 B2 40 00
1753804029.523038601,597,8,00 D4 0A B1 2D 00 01 50,00 D4 0A B1 2D 00 01 50
1753804029.523041887,599,8,00 00 0D B6 FF 1E FF FF,00 00 0D B6 FF 1E FF FF
1753804029.523045641,155,8,07 97 CC 54 86 28 00 71,07 97 CC 54 86 28 00 71
1753804029.548512678,599,8,00 00 0D B6 FF 1E FF FF,00 00 0D B6 FF 1E FF FF
1753804029.599672398,155,8,07 97 CC 54 86 28 00 71,07 97 CC 54 86 28 00 71
1753804029.650665660,155,8,07 97 CC 54 86 28 00 71,07 97 CC 54 86 28 00 71
1753804029.701716650,425,8,0A 34 44 FF FE 62 01 2F,0A 34 44 FF FE 62 01 2F
1753804029.752830063,436,6,00 00 01 E3 00 00,00 00 01 E3 00 00
1753804029.803917609,155,8,07 97 CC 54 86 28 00 71,07 97 CC 54 86 28 00 71
1753804029.854910610,155,8,07 97 CC 54 86 28 00 71,07 97 CC 54 86 28 00 71
1753804029.905972552,155,8,07 97 CC 54 86 28 00 71,07 97 CC 54 86 28 00 71
1753804029.957011705,155,8,07 97 CC 54 86 28 00 71,07 97 CC 54 86 28 00 71
1753804030.008286522,155,8,07 97 CC 54 86 28 00 71,07 97 CC 54 86 28 00 71
1753804030.059200846,155,8,07 97 CC 54 86 28 00 71,07 97 CC 54 86 28 00 71
1753804030.110257366,155,8,07 97 CC 54 86 28 00 71,07 97 CC 54 86 28 00 71
1753804030.161331772,155,8,07 97 CC 54 86 28 00 71,07 97 CC 54 86 28 00 71
1753804030.212387980,155,8,07 97 CC 54 86 28 00 71,07 97 CC 54 86 28 00 71
1753804030.263524542,155,8,07 97 CC 54 86 28 00 71,07 97 CC 54 86 28 00 71
1753804030.314534080,155,8,07 97 CC 54 86 28 00 71,07 97 CC 54 86 28 00 71
1753804030.365595554,155,8,07 97 CD 54 86 28 00 71,07 97 CD 54 86 28 00 71
1753804030.416619953,155,8,07 97 CC 54 86 28 00 71,07 97 CC 54 86 28 00 71
1753804030.467686745,155,8,07 97 CC 54 86 28 00 71,07 97 CC 54 86 28 00 71
1753804030.518774917,155,8,07 97 CC 54 86 28 00 71,07 97 CC 54 86 28 00 71
1753804030.569835974,155,8,07 97 CC 54 86 28 00 71,07 97 CC 54 86 28 00 71
1753804030.620825697,155,8,07 97 CC 54 86 28 00 71,07 97 CC 54 86 28 00 71
1753804030.671902553,155,8,07 97 CC 54 86 28 00 71,07 97 CC 54 86 28 00 71
1753804030.723015755,155,8,07 97 CC 54 86 28 00 71,07 97 CC 54 86 28 00 71
1753804030.773988426,155,8,07 97 CC 54 86 28 00 71,07 97 CC 54 86 28 00 71
1753804030.825055010,155,8,07 97 CC 54 86 28 00 71,07 97 CC 54 86 28 00 71
1753804030.876128373,155,8,07 97 CC 54 86 28 00 71,07 97 CC 54 86 28 00 71
1753804030.927201893,155,8,07 97 CC 54 86 28 00 71,07 97 CC 54 86 28 00 71
1753804030.978217948,155,8,07 97 CC 54 86 28 00 71,07 97 CC 54 86 28 00 71
1753804031.029352831,155,8,07 97 CC 54 86 28 00 71,07 97 CC 54 86 28 00 71
1753804031.080370517,155,8,07 97 CC 54 86 28 00 71,07 97 CC 54 86 28 00 71
1753804031.131507555,155,8,07 97 CC 54 86 28 00 71,07 97 CC 54 86 28 00 71
1753804031.182517993,155,8,07 97 CC 54 86 28 00 71,07 97 CC 54 86 28 00 71
1753804031.233581407,155,8,07 97 CC 54 86 28 00 71,07 97 CC 54 86 28 00 71
1753804031.284662653,155,8,07 97 CC 54 86 28 00 71,07 97 CC 54 86 28 00 71
1753804031.335662507,155,8,07 97 CC 54 86 28 00 71,07 97 CC 54 86 28 00 71
1753804031.386674614,155,8,07 97 CC 54 86 28 00 71,07 97 CC 54 86 28 00 71
1753804031.437820985,155,8,07 97 CC 54 86 28 00 71,07 97 CC 54 86 28 00 71
1753804031.488892742,155,8,07 97 CC 54 86 28 00 71,07 97 CC 54 86 28 00 71
1753804031.539878152,155,8,07 97 CC 54 86 28 00 71,07 97 CC 54 86 28 00 71
1753804031.590914244,155,8,07 97 CC 54 86 28 00 71,07 97 CC 54 86 28 00 71
1753804031.642027662,155,8,07 97 CC 54 86 28 00 71,07 97 CC 54 86 28 00 71
1753804031.693118242,155,8,07 97 CC 54 86 28 00 71,07 97 CC 54 86 28 00 71
1753804031.744143749,5D7,7,FF FF 00 55 B2 40 00,FF FF 00 55 B2 40 00
1753804031.795169882,423,8,03 24 FF FF 00 E0 00 DD,03 24 FF FF 00 E0 00 DD
1753804031.846248156,5D7,7,FF FF 00 55 B2 40 00,FF FF 00 55 B2 40 00
1753804031.897298065,423,8,03 24 FF FF 00 E0 00 DD,03 24 FF FF 00 E0 00 DD
1753804031.948320131,599,8,00 00 0D B6 FF 1E FF FF,00 00 0D B6 FF 1E FF FF
1753804031.999438346,155,8,07 97 CC 54 86 28 00 71,07 97 CC 54 86 28 00 71
1753804032.050465149,599,8,00 00 0D B6 FF 1E FF FF,00 00 0D B6 FF 1E FF FF
1753804032.101569654,155,8,07 97 CC 54 86 28 00 71,07 97 CC 54 86 28 00 71
1753804032.152531353,155,8,07 97 CC 54 86 28 00 71,07 97 CC 54 86 28 00 71
1753804032.203619435,155,8,07 97 CC 54 86 28 00 71,07 97 CC 54 86 28 00 71
1753804032.254729988,436,6,00 00 01 E3 00 00,00 00 01 E3 00 00
1753804032.305750134,155,8,07 97 CC 54 86 28 00 71,07 97 CC 54 86 28 00 71
1753804032.356766317,155,8,07 97 CC 54 86 28 00 71,07 97 CC 54 86 28 00 71
1753804032.407844076,155,8,07 97 CC 54 86 28 00 71,07 97 CC 54 86 28 00 71
1753804032.458868809,155,8,07 97 CC 54 86 28 00 71,07 97 CC 54 86 28 00 71
1753804032.509950218,155,8,07 97 CC 54 86 28 00 71,07 97 CC 54 86 28 00 71
1753804032.561001125,155,8,07 97 CC 54 86 28 00 71,07 97 CC 54 86 28 00 71
1753804032.612055213,155,8,07 97 CC 54 86 28 00 71,07 97 CC 54 86 28 00 71
1753804032.663090426,155,8,07 97 CC 54 86 28 00 71,07 97 CC 54 86 28 00 71
1753804032.714166308,155,8,07 97 CC 54 86 28 00 71,07 97 CC 54 86 28 00 71
1753804032.765160801,155,8,07 97 CC 54 86 28 00 71,07 97 CC 54 86 28 00 71
1753804032.816268957,155,8,07 97 CC 54 86 28 00 71,07 97 CC 54 86 28 00 71
1753804032.867293221,155,8,07 97 CC 54 86 28 00 71,07 97 CC 54 86 28 00 71
1753804032.920870028,155,8,07 97 CC 54 86 28 00 71,07 97 CC 54 86 28 00 71
1753804032.969413232,155,8,07 97 CC 54 86 28 00 71,07 97 CC 54 86 28 00 71
1753804033.020521494,155,8,07 97 CC 54 86 28 00 71,07 97 CC 54 86 28 00 71
1753804033.071581411,155,8,07 97 CC 54 86 28 00 71,07 97 CC 54 86 28 00 71
1753804033.122531843,155,8,07 97 CC 54 86 28 00 71,07 97 CC 54 86 28 00 71
1753804033.173619340,155,8,07 97 CC 54 86 28 00 71,07 97 CC 54 86 28 00 71
1753804033.224725292,155,8,07 97 CC 54 86 28 00 71,07 97 CC 54 86 28 00 71
1753804033.275745795,155,8,07 97 CC 54 86 28 00 71,07 97 CC 54 86 28 00 71
1753804033.326739708,155,8,07 97 CC 54 86 28 00 71,07 97 CC 54 86 28 00 71
1753804033.377811459,155,8,07 97 CC 54 86 28 00 71,07 97 CC 54 86 28 00 71
1753804033.428865381,155,8,07 97 CC 54 86 28 00 71,07 97 CC 54 86 28 00 71
1753804033.479950531,155,8,07 97 CC 54 86 28 00 71,07 97 CC 54 86 28 00 71
1753804033.530948094,155,8,07 97 CC 54 86 28 00 71,07 97 CC 54 86 28 00 71
1753804033.582032254,155,8,07 97 CC 54 86 28 00 71,07 97 CC 54 86 28 00 71
1753804033.633068188,155,8,07 97 CC 54 86 28 00 71,07 97 CC 54 86 28 00 71
1753804033.684132589,155,8,07 97 CC 54 86 28 00 71,07 97 CC 54 86 28 00 71
1753804033.735137711,155,8,07 97 CC 54 86 28 00 71,07 97 CC 54 86 28 00 71
1753804033.786283965,155,8,07 97 CC 54 86 28 00 71,07 97 CC 54 86 28 00 71
1753804033.837315780,155,8,07 97 CC 54 86 28 00 71,07 97 CC 54 86 28 00 71
1753804033.888410993,155,8,07 97 CC 54 86 28 00 71,07 97 CC 54 86 28 00 71
1753804033.939424874,155,8,07 97 CC 54 86 28 00 71,07 97 CC 54 86 28 00 71
1753804033.990446054,155,8,07 97 CD 54 86 28 00 71,07 97 CD 54 86 28 00 71
1753804034.041479884,155,8,07 97 CD 54 86 28 00 71,07 97 CD 54 86 28 00 71
1753804034.092608108,155,8,07 97 CC 54 86 28 00 71,07 97 CC 54 86 28 00 71
1753804034.143611056,155,8,07 97 CC 54 86 28 00 71,07 97 CC 54 86 28 00 71
1753804034.194673019,155,8,07 97 CC 54 86 28 00 71,07 97 CC 54 86 28 00 71
1753804034.245729039,155,8,07 97 CC 54 86 28 00 71,07 97 CC 54 86 28 00 71
1753804034.296777656,423,8,03 24 FF FF 00 E0 00 DD,03 24 FF FF 00 E0 00 DD
1753804034.347819704,5D7,7,FF FF 00 55 B2 40 00,FF FF 00 55 B2 40 00
1753804034.398837510,423,8,03 24 FF FF 00 E0 00 DD,03 24 FF FF 00 E0 00 DD
1753804034.450091687,5D7,7,FF FF 00 55 B2 40 00,FF FF 00 55 B2 40 00
1753804034.500901275,597,8,00 D4 09 B1 2D 00 01 50,00 D4 09 B1 2D 00 01 50
1753804035.529160149,599,8,00 00 0D B6 FF 1E FF FF,00 00 0D B6 FF 1E FF FF
1753804035.529188300,155,8,07 97 CD 54 86 28 00 71,07 97 CD 54 86 28 00 71
1753804035.529192626,599,8,00 00 0D B6 FF 1E FF FF,00 00 0D B6 FF 1E FF FF
1753804035.529196849,155,8,07 97 CD 54 86 28 00 71,07 97 CD 54 86 28 00 71
1753804035.529200498,155,8,07 97 CD 54 86 28 00 71,07 97 CD 54 86 28 00 71
1753804035.529203730,425,8,0A 34 44 FF FE 62 01 2F,0A 34 44 FF FE 62 01 2F
1753804035.529207223,436,6,00 00 01 E3 00 00,00 00 01 E3 00 00
1753804035.529210664,155,8,07 97 CD 54 86 28 00 71,07 97 CD 54 86 28 00 71
1753804035.529214156,155,8,07 97 CD 54 86 28 00 71,07 97 CD 54 86 28 00 71
1753804035.529217545,155,8,07 97 CD 54 86 28 00 71,07 97 CD 54 86 28 00 71
1753804035.529220985,155,8,07 97 CD 54 86 28 00 71,07 97 CD 54 86 28 00 71
1753804035.529224270,155,8,07 97 CD 54 86 28 00 71,07 97 CD 54 86 28 00 71
1753804035.529227710,155,8,07 97 CD 54 86 28 00 71,07 97 CD 54 86 28 00 71
1753804035.529230994,155,8,07 97 CD 54 86 28 00 71,07 97 CD 54 86 28 00 71
1753804035.529234435,155,8,07 97 CD 54 86 28 00 71,07 97 CD 54 86 28 00 71
1753804035.529237771,155,8,07 97 CD 54 86 28 00 71,07 97 CD 54 86 28 00 71
1753804035.529241055,155,8,07 97 CD 54 86 28 00 71,07 97 CD 54 86 28 00 71
1753804035.529244392,155,8,07 97 CD 54 86 28 00 71,07 97 CD 54 86 28 00 71
1753804035.529247832,155,8,07 97 CD 54 86 28 00 71,07 97 CD 54 86 28 00 71
1753804035.529251117,155,8,07 97 CC 54 86 28 00 71,07 97 CC 54 86 28 00 71
1753804035.572983704,155,8,07 97 CC 54 86 28 00 71,07 97 CC 54 86 28 00 71
1753804035.625551733,155,8,07 97 CC 54 86 28 00 71,07 97 CC 54 86 28 00 71
1753804035.674990490,155,8,07 97 CC 54 86 28 00 71,07 97 CC 54 86 28 00 71
1753804035.726080732,155,8,07 97 CC 54 86 28 00 71,07 97 CC 54 86 28 00 71
1753804035.777126560,155,8,07 97 CC 54 86 28 00 71,07 97 CC 54 86 28 00 71
1753804035.828143246,155,8,07 97 CC 54 86 28 00 71,07 97 CC 54 86 28 00 71
1753804035.879226711,155,8,07 97 CC 54 86 28 00 71,07 97 CC 54 86 28 00 71
1753804035.930208887,155,8,07 97 CC 54 86 28 00 71,07 97 CC 54 86 28 00 71
1753804035.981313830,155,8,07 97 CC 54 86 28 00 71,07 97 CC 54 86 28 00 71
1753804036.032331595,155,8,07 97 CC 54 86 28 00 71,07 97 CC 54 86 28 00 71
1753804036.083406588,155,8,07 97 CC 54 86 28 00 71,07 97 CC 54 86 28 00 71
1753804036.134397708,155,8,07 97 CC 54 86 28 00 71,07 97 CC 54 86 28 00 71
1753804036.185527696,155,8,07 97 CC 54 86 28 00 71,07 97 CC 54 86 28 00 71
1753804036.236537321,155,8,07 97 CC 54 86 28 00 71,07 97 CC 54 86 28 00 71
1753804036.287608249,155,8,07 97 CC 54 86 28 00 71,07 97 CC 54 86 28 00 71
1753804036.338632783,155,8,07 97 CC 54 86 28 00 71,07 97 CC 54 86 28 00 71
1753804036.389629793,155,8,07 97 CC 54 86 28 00 71,07 97 CC 54 86 28 00 71
1753804036.440740859,155,8,07 97 CC 54 86 28 00 71,07 97 CC 54 86 28 00 71
1753804036.491773942,155,8,07 97 CC 54 86 28 00 71,07 97 CC 54 86 28 00 71
1753804036.542828397,155,8,07 97 CC 54 86 28 00 71,07 97 CC 54 86 28 00 71
1753804036.593873469,155,8,07 97 CC 54 86 28 00 71,07 97 CC 54 86 28 00 71
1753804036.644883772,155,8,07 97 CC 54 86 28 00 71,07 97 CC 54 86 28 00 71
1753804036.695868220,155,8,07 97 CC 54 86 28 00 71,07 97 CC 54 86 28 00 71
1753804036.746943943,155,8,07 97 CC 54 86 28 00 71,07 97 CC 54 86 28 00 71
1753804036.797970979,155,8,07 97 CC 54 86 28 00 71,07 97 CC 54 86 28 00 71
1753804036.849069221,5D7,7,FF FF 00 55 B2 40 00,FF FF 00 55 B2 40 00
1753804036.900131860,423,8,03 24 FF FF 00 E0 00 DD,03 24 FF FF 00 E0 00 DD
1753804036.951074397,5D7,7,FF FF 00 55 B2 40 00,FF FF 00 55 B2 40 00
1753804037.002196149,423,8,03 24 FF FF 00 E0 00 DD,03 24 FF FF 00 E0 00 DD
1753804037.053257721,599,8,00 00 0D B6 FF 1E FF FF,00 00 0D B6 FF 1E FF FF
1753804037.104203877,155,8,07 97 CC 54 86 28 00 71,07 97 CC 54 86 28 00 71
1753804037.155291711,599,8,00 00 0D B6 FF 1E FF FF,00 00 0D B6 FF 1E FF FF
1753804037.206321581,155,8,07 97 CC 54 86 28 00 71,07 97 CC 54 86 28 00 71
1753804037.257325805,155,8,07 97 CC 54 86 28 00 71,07 97 CC 54 86 28 00 71
1753804037.308390547,155,8,07 97 CC 54 86 28 00 71,07 97 CC 54 86 28 00 71
1753804037.359473846,436,6,00 00 01 E3 00 00,00 00 01 E3 00 00
1753804037.410470929,55E,8,32 A3 29 32 A3 2A 01 5F,32 A3 29 32 A3 2A 01 5F
1753804037.461525037,155,8,07 97 CC 54 86 28 00 71,07 97 CC 54 86 28 00 71
1753804037.512568981,155,8,07 97 CC 54 86 28 00 71,07 97 CC 54 86 28 00 71
1753804037.563597183,155,8,07 97 CC 54 86 28 00 71,07 97 CC 54 86 28 00 71
1753804037.614697214,155,8,07 97 CC 54 86 28 00 71,07 97 CC 54 86 28 00 71
1753804037.665720881,155,8,07 97 CC 54 86 28 00 71,07 97 CC 54 86 28 00 71
1753804037.716767587,155,8,07 97 CC 54 86 28 00 71,07 97 CC 54 86 28 00 71
1753804037.767817109,155,8,07 97 CC 54 86 28 00 71,07 97 CC 54 86 28 00 71
1753804037.818880652,155,8,07 97 CC 54 86 28 00 71,07 97 CC 54 86 28 00 71
1753804037.869889202,155,8,07 97 CC 54 86 28 00 71,07 97 CC 54 86 28 00 71
1753804037.920941226,155,8,07 97 CC 54 86 28 00 71,07 97 CC 54 86 28 00 71
1753804037.971953373,155,8,07 97 CC 54 86 28 00 71,07 97 CC 54 86 28 00 71
1753804038.023105798,155,8,07 97 CC 54 86 28 00 71,07 97 CC 54 86 28 00 71
1753804038.074087925,155,8,07 97 CC 54 86 28 00 71,07 97 CC 54 86 28 00 71
1753804038.125051548,155,8,07 97 CC 54 86 28 00 71,07 97 CC 54 86 28 00 71
1753804038.176116759,155,8,07 97 CC 54 86 28 00 71,07 97 CC 54 86 28 00 71
1753804038.227169877,155,8,07 97 CC 54 86 28 00 71,07 97 CC 54 86 28 00 71
1753804038.278181402,155,8,07 97 CC 54 86 28 00 71,07 97 CC 54 86 28 00 71
1753804038.329178018,155,8,07 97 CC 54 86 28 00 71,07 97 CC 54 86 28 00 71
1753804038.380261004,155,8,07 97 CC 54 86 28 00 71,07 97 CC 54 86 28 00 71
1753804038.431324912,155,8,07 97 CC 54 86 28 00 71,07 97 CC 54 86 28 00 71
1753804038.482378708,155,8,07 97 CC 54 86 28 00 71,07 97 CC 54 86 28 00 71
1753804038.533370112,155,8,07 97 CC 54 86 28 00 71,07 97 CC 54 86 28 00 71
1753804038.584393677,155,8,07 97 CC 54 86 28 00 71,07 97 CC 54 86 28 00 71
1753804038.635458940,155,8,07 97 CC 54 86 28 00 71,07 97 CC 54 86 28 00 71
1753804038.686558761,155,8,07 97 CC 54 86 28 00 71,07 97 CC 54 86 28 00 71
1753804038.737493560,155,8,07 97 CC 54 86 28 00 71,07 97 CC 54 86 28 00 71
1753804038.788660151,155,8,07 97 CC 54 86 28 00 71,07 97 CC 54 86 28 00 71
1753804038.839643476,155,8,07 97 CC 54 86 28 00 71,07 97 CC 54 86 28 00 71
1753804038.890690601,155,8,07 97 CC 54 86 28 00 71,07 97 CC 54 86 28 00 71
1753804038.941754300,155,8,07 97 CC 54 86 28 00 71,07 97 CC 54 86 28 00 71
1753804038.992709323,155,8,07 97 CC 54 86 28 00 71,07 97 CC 54 86 28 00 71
1753804039.043766589,155,8,07 97 CC 54 86 28 00 71,07 97 CC 54 86 28 00 71
1753804039.094762609,155,8,07 97 CC 54 86 28 00 71,07 97 CC 54 86 28 00 71
1753804039.145995260,155,8,07 97 CC 54 86 28 00 71,07 97 CC 54 86 28 00 71
1753804039.196883128,155,8,07 97 CC 54 86 28 00 71,07 97 CC 54 86 28 00 71
1753804039.247978230,155,8,07 97 CC 54 86 28 00 71,07 97 CC 54 86 28 00 71
1753804039.298983841,155,8,07 97 CC 54 86 28 00 71,07 97 CC 54 86 28 00 71
1753804039.349958178,155,8,07 97 CC 54 86 28 00 71,07 97 CC 54 86 28 00 71
1753804039.401015649,423,8,03 24 FF FF 00 E0 00 DD,03 24 FF FF 00 E0 00 DD
1753804039.452045809,5D7,7,FF FF 00 55 B2 40 00,FF FF 00 55 B2 40 00
1753804039.503166816,423,8,03 24 FF FF 00 E0 00 DD,03 24 FF FF 00 E0 00 DD
1753804039.554168934,599,8,00 00 0D B6 FF 1E FF FF,00 00 0D B6 FF 1E FF FF
1753804039.605214938,597,8,00 D4 0A B1 2D 00 01 50,00 D4 0A B1 2D 00 01 50
1753804039.656366645,599,8,00 00 0D B6 FF 1E FF FF,00 00 0D B6 FF 1E FF FF
1753804039.707289851,155,8,07 97 CC 54 86 28 00 71,07 97 CC 54 86 28 00 71
1753804039.758300778,599,8,00 00 0D B6 FF 1E FF FF,00 00 0D B6 FF 1E FF FF
1753804039.809304199,155,8,07 97 CC 54 86 28 00 71,07 97 CC 54 86 28 00 71
1753804039.860369280,155,8,07 97 CC 54 86 28 00 71,07 97 CC 54 86 28 00 71
1753804039.911466728,556,8,32 73 27 32 93 28 32 AA,32 73 27 32 93 28 32 AA
1753804039.962421155,155,8,07 97 CC 54 86 28 00 71,07 97 CC 54 86 28 00 71
1753804040.013537050,155,8,07 97 CC 54 86 28 00 71,07 97 CC 54 86 28 00 71
1753804040.064541194,155,8,07 97 CC 54 86 28 00 71,07 97 CC 54 86 28 00 71
1753804040.115605068,155,8,07 97 CC 54 86 28 00 71,07 97 CC 54 86 28 00 71
1753804040.166538383,155,8,07 97 CC 54 86 28 00 71,07 97 CC 54 86 28 00 71
1753804040.217654741,155,8,07 97 CC 54 86 28 00 71,07 97 CC 54 86 28 00 71
1753804040.268709650,155,8,07 97 CC 54 86 28 00 71,07 97 CC 54 86 28 00 71
1753804040.319725834,155,8,07 97 CC 54 86 28 00 71,07 97 CC 54 86 28 00 71
1753804040.370728676,155,8,07 97 CC 54 86 28 00 71,07 97 CC 54 86 28 00 71
1753804040.421727921,155,8,07 97 CC 54 86 28 00 71,07 97 CC 54 86 28 00 71
1753804040.472856945,155,8,07 97 CC 54 86 28 00 71,07 97 CC 54 86 28 00 71
1753804040.523865936,155,8,07 97 CC 54 86 28 00 71,07 97 CC 54 86 28 00 71
1753804041.535143215,155,8,07 97 CC 54 86 28 00 71,07 97 CC 54 86 28 00 71
1753804041.535173548,155,8,07 97 CC 54 86 28 00 71,07 97 CC 54 86 28 00 71
1753804041.535178082,155,8,07 97 CC 54 86 28 00 71,07 97 CC 54 86 28 00 71
1753804041.535181782,155,8,07 97 CC 54 86 28 00 71,07 97 CC 54 86 28 00 71
1753804041.535185170,155,8,07 97 CC 54 86 28 00 71,07 97 CC 54 86 28 00 71
1753804041.535188610,155,8,07 97 CC 54 86 28 00 71,07 97 CC 54 86 28 00 71
1753804041.535191893,155,8,07 97 CC 54 86 28 00 71,07 97 CC 54 86 28 00 71
1753804041.535195176,155,8,07 97 CC 54 86 28 00 71,07 97 CC 54 86 28 00 71
1753804041.535198460,155,8,07 97 CC 54 86 28 00 71,07 97 CC 54 86 28 00 71
1753804041.535201848,155,8,07 97 CC 54 86 28 00 71,07 97 CC 54 86 28 00 71
1753804041.535205287,155,8,07 97 CC 54 86 28 00 71,07 97 CC 54 86 28 00 71
1753804041.535208571,155,8,07 97 CC 54 86 28 00 71,07 97 CC 54 86 28 00 71
1753804041.535211958,155,8,07 97 CC 54 86 28 00 71,07 97 CC 54 86 28 00 71
1753804041.535215398,155,8,07 97 CC 54 86 28 00 71,07 97 CC 54 86 28 00 71
1753804041.535218682,155,8,07 97 CC 54 86 28 00 71,07 97 CC 54 86 28 00 71
1753804041.535221965,155,8,07 97 CC 54 86 28 00 71,07 97 CC 54 86 28 00 71
1753804041.535225300,155,8,07 97 CC 54 86 28 00 71,07 97 CC 54 86 28 00 71
1753804041.535431426,155,8,07 97 CC 54 86 28 00 71,07 97 CC 54 86 28 00 71
1753804041.535436638,155,8,07 97 CD 54 86 28 00 71,07 97 CD 54 86 28 00 71
1753804041.544500384,155,8,07 97 CC 54 86 28 00 71,07 97 CC 54 86 28 00 71
1753804041.595581927,155,8,07 97 CC 54 86 28 00 71,07 97 CC 54 86 28 00 71
1753804041.646623809,155,8,07 97 CC 54 86 28 00 71,07 97 CC 54 86 28 00 71
1753804041.697581833,155,8,07 97 CC 54 86 28 00 71,07 97 CC 54 86 28 00 71
1753804041.748714869,155,8,07 97 CC 54 86 28 00 71,07 97 CC 54 86 28 00 71
1753804041.799647147,155,8,07 97 CC 54 86 28 00 71,07 97 CC 54 86 28 00 71
1753804041.850694710,155,8,07 97 CC 54 86 28 00 71,07 97 CC 54 86 28 00 71
1753804041.901741074,155,8,07 97 CC 54 86 28 00 71,07 97 CC 54 86 28 00 71
1753804041.952815373,5D7,7,FF FF 00 55 B2 40 00,FF FF 00 55 B2 40 00
1753804042.003881281,423,8,03 24 FF FF 00 E0 00 DD,03 24 FF FF 00 E0 00 DD
1753804042.054806893,5D7,7,FF FF 00 55 B2 40 00,FF FF 00 55 B2 40 00
1753804042.105944987,423,8,03 24 FF FF 00 E0 00 DD,03 24 FF FF 00 E0 00 DD
1753804042.156885561,599,8,00 00 0D B6 FF 1E FF FF,00 00 0D B6 FF 1E FF FF
1753804042.207943917,155,8,07 97 CC 54 86 28 00 71,07 97 CC 54 86 28 00 71
1753804042.258965427,599,8,00 00 0D B6 FF 1E FF FF,00 00 0D B6 FF 1E FF FF
1753804042.310079131,155,8,07 97 CC 54 86 28 00 71,07 97 CC 54 86 28 00 71
1753804042.361083703,155,8,07 97 CC 54 86 28 00 71,07 97 CC 54 86 28 00 71
1753804042.412035742,155,8,07 97 CC 54 86 28 00 71,07 97 CC 54 86 28 00 71
1753804042.463159661,436,6,00 00 01 E3 00 00,00 00 01 E3 00 00
1753804042.514134422,155,8,07 97 CC 54 86 28 00 71,07 97 CC 54 86 28 00 71
1753804042.565141653,155,8,07 97 CC 54 86 28 00 71,07 97 CC 54 86 28 00 71
1753804042.616271460,155,8,07 97 CC 54 86 28 00 71,07 97 CC 54 86 28 00 71
1753804042.667233558,155,8,07 97 CC 54 86 28 00 71,07 97 CC 54 86 28 00 71
1753804042.718349190,155,8,07 97 CC 54 86 28 00 71,07 97 CC 54 86 28 00 71
1753804042.769339691,155,8,07 97 CC 54 86 28 00 71,07 97 CC 54 86 28 00 71
1753804042.820399610,155,8,07 97 CC 54 86 28 00 71,07 97 CC 54 86 28 00 71
1753804042.871412000,155,8,07 97 CC 54 86 28 00 71,07 97 CC 54 86 28 00 71
1753804042.922403387,155,8,07 97 CC 54 86 28 00 71,07 97 CC 54 86 28 00 71
1753804042.973426252,155,8,07 97 CC 54 86 28 00 71,07 97 CC 54 86 28 00 71
1753804043.024436166,155,8,07 97 CC 54 86 28 00 71,07 97 CC 54 86 28 00 71
1753804043.075564513,155,8,07 97 CC 54 86 28 00 71,07 97 CC 54 86 28 00 71
1753804043.126555018,155,8,07 97 CC 54 86 28 00 71,07 97 CC 54 86 28 00 71
1753804043.177593728,155,8,07 97 CC 54 86 28 00 71,07 97 CC 54 86 28 00 71
1753804043.228653545,155,8,07 97 CC 54 86 28 00 71,07 97 CC 54 86 28 00 71
1753804043.279603348,155,8,07 97 CC 54 86 28 00 71,07 97 CC 54 86 28 00 71
1753804043.330709391,155,8,07 97 CC 54 86 28 00 71,07 97 CC 54 86 28 00 71
1753804043.381648145,155,8,07 97 CC 54 86 28 00 71,07 97 CC 54 86 28 00 71
1753804043.432768154,155,8,07 97 CC 54 86 28 00 71,07 97 CC 54 86 28 00 71
1753804043.483722387,155,8,07 97 CC 54 86 28 00 71,07 97 CC 54 86 28 00 71
1753804043.534735197,155,8,07 97 CC 54 86 28 00 71,07 97 CC 54 86 28 00 71
1753804043.585827429,155,8,07 97 CC 54 86 28 00 71,07 97 CC 54 86 28 00 71
1753804043.636797191,155,8,07 97 CC 54 86 28 00 71,07 97 CC 54 86 28 00 71
1753804043.687926842,155,8,07 97 CC 54 86 28 00 71,07 97 CC 54 86 28 00 71
1753804043.738866535,155,8,07 97 CC 54 86 28 00 71,07 97 CC 54 86 28 00 71
1753804043.789912020,155,8,07 97 CC 54 86 28 00 71,07 97 CC 54 86 28 00 71
1753804043.841005972,155,8,07 97 CC 54 86 28 00 71,07 97 CC 54 86 28 00 71
1753804043.892044786,155,8,07 97 CC 54 86 28 00 71,07 97 CC 54 86 28 00 71
1753804043.943058430,155,8,07 97 CC 54 86 28 00 71,07 97 CC 54 86 28 00 71
1753804043.994023763,155,8,07 97 CC 54 86 28 00 71,07 97 CC 54 86 28 00 71
1753804044.045034162,155,8,07 97 CC 54 86 28 00 71,07 97 CC 54 86 28 00 71
1753804044.096107729,155,8,07 97 CC 54 86 28 00 71,07 97 CC 54 86 28 00 71
1753804044.147127097,155,8,07 97 CC 54 86 28 00 71,07 97 CC 54 86 28 00 71
1753804044.198152875,155,8,07 97 CC 54 86 28 00 71,07 97 CC 54 86 28 00 71
1753804044.249224774,155,8,07 97 CC 54 86 28 00 71,07 97 CC 54 86 28 00 71
1753804044.300281403,155,8,07 97 CC 54 86 28 00 71,07 97 CC 54 86 28 00 71
1753804044.351226771,155,8,07 97 CC 54 86 28 00 71,07 97 CC 54 86 28 00 71
1753804044.402306643,155,8,07 97 CC 54 86 28 00 71,07 97 CC 54 86 28 00 71
1753804044.453368171,155,8,07 97 CC 54 86 28 00 71,07 97 CC 54 86 28 00 71
1753804044.504303116,423,8,03 24 FF FF 00 E0 00 DD,03 24 FF FF 00 E0 00 DD
1753804044.555355628,5D7,7,FF FF 00 55 B2 40 00,FF FF 00 55 B2 40 00
1753804044.606443630,423,8,03 24 FF FF 00 E0 00 DD,03 24 FF FF 00 E0 00 DD
1753804044.657432408,599,8,00 00 0D B6 FF 1E FF FF,00 00 0D B6 FF 1E FF FF
1753804044.708499408,426,7,00 38 01 00 0D B6 00,00 38 01 00 0D B6 00
1753804044.759451550,599,8,00 00 0D B6 FF 1E FF FF,00 00 0D B6 FF 1E FF FF
1753804044.810502760,155,8,07 97 CD 54 86 20 00 71,07 97 CD 54 86 20 00 71
1753804044.861495811,155,8,07 97 CC 54 86 20 00 71,07 97 CC 54 86 20 00 71
1753804044.912537692,155,8,07 97 CD 54 86 20 00 71,07 97 CD 54 86 20 00 71
1753804044.963628560,155,8,07 97 CD 54 86 20 00 71,07 97 CD 54 86 20 00 71
1753804045.014617022,556,8,32 83 27 32 93 28 32 AA,32 83 27 32 93 28 32 AA
1753804045.065681756,155,8,07 97 CD 54 86 20 00 71,07 97 CD 54 86 20 00 71
1753804045.116724759,155,8,07 97 CC 54 86 20 00 71,07 97 CC 54 86 20 00 71
1753804045.167739415,155,8,07 97 CD 54 86 20 00 71,07 97 CD 54 86 20 00 71
1753804045.218731714,155,8,07 97 CD 54 86 20 00 71,07 97 CD 54 86 20 00 71
1753804045.269722554,155,8,07 97 CC 54 86 20 00 71,07 97 CC 54 86 20 00 71
1753804045.320771602,155,8,07 97 CD 54 86 20 00 71,07 97 CD 54 86 20 00 71
1753804045.371803350,155,8,07 97 CD 54 86 20 00 71,07 97 CD 54 86 20 00 71
1753804045.422909305,155,8,07 97 CD 54 86 20 00 71,07 97 CD 54 86 20 00 71
1753804045.473840894,155,8,07 97 CC 54 86 20 00 71,07 97 CC 54 86 20 00 71
1753804045.524931372,155,8,07 97 CC 54 86 20 00 71,07 97 CC 54 86 20 00 71
1753804045.575942691,155,8,07 97 CC 54 86 20 00 71,07 97 CC 54 86 20 00 71
1753804045.626920295,155,8,07 97 CC 54 86 20 00 71,07 97 CC 54 86 20 00 71
1753804045.678037610,155,8,07 97 CC 54 86 20 00 71,07 97 CC 54 86 20 00 71
1753804045.729041165,155,8,07 97 CC 54 86 20 00 71,07 97 CC 54 86 20 00 71
1753804045.780101158,155,8,07 97 CC 54 86 20 00 71,07 97 CC 54 86 20 00 71
1753804045.831109559,155,8,07 97 CC 54 86 20 00 71,07 97 CC 54 86 20 00 71
1753804045.882161526,155,8,07 97 CC 54 86 20 00 71,07 97 CC 54 86 20 00 71
1753804045.933121933,155,8,07 97 CC 54 86 20 00 71,07 97 CC 54 86 20 00 71
1753804045.984114701,155,8,07 97 CC 54 86 20 00 71,07 97 CC 54 86 20 00 71
1753804046.035174711,155,8,07 97 CC 54 86 20 00 71,07 97 CC 54 86 20 00 71
1753804046.086191093,155,8,07 97 CC 54 86 20 00 71,07 97 CC 54 86 20 00 71
1753804046.137890696,155,8,07 97 CC 54 86 20 00 71,07 97 CC 54 86 20 00 71
1753804046.188308380,155,8,07 97 CC 54 86 20 00 71,07 97 CC 54 86 20 00 71
1753804046.239315800,155,8,07 97 CC 54 86 20 00 71,07 97 CC 54 86 20 00 71
1753804046.290289764,155,8,07 97 CC 54 86 20 00 71,07 97 CC 54 86 20 00 71
1753804046.341486500,155,8,07 97 CC 54 86 20 00 71,07 97 CC 54 86 20 00 71
1753804046.392399808,155,8,07 97 CC 54 86 20 00 71,07 97 CC 54 86 20 00 71
1753804046.443446519,155,8,07 97 CC 54 86 20 00 71,07 97 CC 54 86 20 00 71
1753804046.494456908,155,8,07 97 CC 54 86 20 00 71,07 97 CC 54 86 20 00 71
1753804047.541611616,155,8,07 97 CC 54 86 20 00 71,07 97 CC 54 86 20 00 71
1753804047.541640537,155,8,07 97 CC 54 86 20 00 71,07 97 CC 54 86 20 00 71
1753804047.541645227,155,8,07 97 CC 54 86 20 00 71,07 97 CC 54 86 20 00 71
1753804047.541648979,155,8,07 97 CC 54 86 20 00 71,07 97 CC 54 86 20 00 71
1753804047.541652418,155,8,07 97 CC 54 86 20 00 71,07 97 CC 54 86 20 00 71
1753804047.541655805,155,8,07 97 CC 54 86 20 00 71,07 97 CC 54 86 20 00 71
1753804047.541659192,155,8,07 97 CC 54 86 20 00 71,07 97 CC 54 86 20 00 71
1753804047.541662475,155,8,07 97 CC 54 86 20 00 71,07 97 CC 54 86 20 00 71
1753804047.541665758,155,8,07 97 CC 54 86 20 00 71,07 97 CC 54 86 20 00 71
1753804047.541669145,155,8,07 97 CC 54 86 20 00 71,07 97 CC 54 86 20 00 71
1753804047.541672219,5D7,7,FF FF 00 55 B2 40 00,FF FF 00 55 B2 40 00
1753804047.541675763,423,8,03 24 FF FF 00 E0 00 DD,03 24 FF FF 00 E0 00 DD
1753804047.541679254,599,8,00 00 0D B6 FF 1E FF FF,00 00 0D B6 FF 1E FF FF
1753804047.541682798,423,8,03 24 FF FF 00 E0 00 DD,03 24 FF FF 00 E0 00 DD
1753804047.541686081,599,8,00 00 0D B6 FF 1E FF FF,00 00 0D B6 FF 1E FF FF
1753804047.541689728,155,8,07 97 CC 54 86 20 00 71,07 97 CC 54 86 20 00 71
1753804047.541692959,599,8,00 00 0D B6 FF 1E FF FF,00 00 0D B6 FF 1E FF FF
1753804047.541696554,155,8,07 97 CC 54 86 20 00 71,07 97 CC 54 86 20 00 71
1753804047.541699994,155,8,07 97 CC 54 86 20 00 71,07 97 CC 54 86 20 00 71
1753804047.541703433,155,8,07 97 CC 54 86 20 00 71,07 97 CC 54 86 20 00 71
1753804047.565975165,155,8,07 97 CC 54 86 20 00 71,07 97 CC 54 86 20 00 71
1753804047.616963389,155,8,07 97 CC 54 86 20 00 71,07 97 CC 54 86 20 00 71
1753804047.667995541,155,8,07 97 CC 54 86 20 00 71,07 97 CC 54 86 20 00 71
1753804047.719121594,155,8,07 97 CC 54 86 20 00 71,07 97 CC 54 86 20 00 71
1753804047.770131131,155,8,07 97 CC 54 86 20 00 71,07 97 CC 54 86 20 00 71
1753804047.821133268,155,8,07 97 CC 54 86 20 00 71,07 97 CC 54 86 20 00 71
1753804047.872129934,155,8,07 97 CC 54 86 20 00 71,07 97 CC 54 86 20 00 71
1753804047.923120868,155,8,07 97 CC 54 86 20 00 71,07 97 CC 54 86 20 00 71
1753804047.974160524,155,8,07 97 CC 54 86 20 00 71,07 97 CC 54 86 20 00 71
1753804048.025232427,155,8,07 97 CC 54 86 20 00 71,07 97 CC 54 86 20 00 71
1753804048.076286257,155,8,07 97 CC 54 86 20 00 71,07 97 CC 54 86 20 00 71
1753804048.127283550,155,8,07 97 CC 54 86 20 00 71,07 97 CC 54 86 20 00 71
1753804048.178333994,155,8,07 97 CC 54 86 20 00 71,07 97 CC 54 86 20 00 71
1753804048.229357914,155,8,07 97 CC 54 86 20 00 71,07 97 CC 54 86 20 00 71
1753804048.280325349,155,8,07 97 CC 54 86 20 00 71,07 97 CC 54 86 20 00 71
1753804048.331418730,155,8,07 97 CC 54 86 20 00 71,07 97 CC 54 86 20 00 71
1753804048.382429362,155,8,07 97 CC 54 86 20 00 71,07 97 CC 54 86 20 00 71
1753804048.433349119,155,8,07 97 CC 54 86 20 00 71,07 97 CC 54 86 20 00 71
1753804048.484423636,155,8,07 97 CC 54 86 20 00 71,07 97 CC 54 86 20 00 71
1753804048.535446723,155,8,07 97 CC 54 86 20 00 71,07 97 CC 54 86 20 00 71
1753804048.586423224,155,8,07 97 CC 54 86 20 00 71,07 97 CC 54 86 20 00 71
1753804048.637534634,155,8,07 97 CC 54 86 20 00 71,07 97 CC 54 86 20 00 71
1753804048.688515201,155,8,07 97 CC 54 86 20 00 71,07 97 CC 54 86 20 00 71
1753804048.739494152,155,8,07 97 CC 54 86 20 00 71,07 97 CC 54 86 20 00 71
1753804048.790555642,155,8,07 97 CC 54 86 20 00 71,07 97 CC 54 86 20 00 71
1753804048.841624427,155,8,07 97 CC 54 86 20 00 71,07 97 CC 54 86 20 00 71
1753804048.892630579,155,8,07 97 CC 54 86 20 00 71,07 97 CC 54 86 20 00 71
1753804048.943652728,155,8,07 97 CC 54 86 20 00 71,07 97 CC 54 86 20 00 71
1753804048.994715104,155,8,07 97 CC 54 86 20 00 71,07 97 CC 54 86 20 00 71
1753804049.045649187,155,8,07 97 CC 54 86 20 00 71,07 97 CC 54 86 20 00 71
1753804049.096718145,155,8,07 97 CC 54 86 20 00 71,07 97 CC 54 86 20 00 71
1753804049.147742552,155,8,07 97 CC 54 86 20 00 71,07 97 CC 54 86 20 00 71
1753804049.198728243,155,8,07 97 CC 54 86 20 00 71,07 97 CC 54 86 20 00 71
1753804049.249742385,155,8,07 97 CC 54 86 20 00 71,07 97 CC 54 86 20 00 71
1753804049.300829477,155,8,07 97 CC 54 86 20 00 71,07 97 CC 54 86 20 00 71
1753804049.351827569,155,8,07 97 CC 54 86 20 00 71,07 97 CC 54 86 20 00 71
1753804049.402804455,155,8,07 97 CC 54 86 20 00 71,07 97 CC 54 86 20 00 71
1753804049.453862627,155,8,07 97 CC 54 86 20 00 71,07 97 CC 54 86 20 00 71
1753804049.504858739,155,8,07 97 CC 54 86 20 00 71,07 97 CC 54 86 20 00 71
1753804049.555911597,155,8,07 97 CC 54 86 20 00 71,07 97 CC 54 86 20 00 71
1753804049.607001398,423,8,03 24 FF FF 00 E0 00 DD,03 24 FF FF 00 E0 00 DD
1753804049.657970571,5D7,7,FF FF 00 55 B2 40 00,FF FF 00 55 B2 40 00
1753804049.709013059,423,8,03 24 FF FF 00 E0 00 DD,03 24 FF FF 00 E0 00 DD
1753804049.760071284,599,8,00 00 0D B6 FF 1E FF FF,00 00 0D B6 FF 1E FF FF
1753804049.811065625,426,7,00 38 01 00 0D B6 00,00 38 01 00 0D B6 00
1753804049.862079610,599,8,00 00 0D B6 FF 1E FF FF,00 00 0D B6 FF 1E FF FF
1753804049.914709126,155,8,07 97 CC 54 86 20 00 71,07 97 CC 54 86 20 00 71
1753804049.964108728,155,8,07 97 CC 54 86 20 00 71,07 97 CC 54 86 20 00 71
1753804050.015084143,155,8,07 97 CC 54 86 20 00 71,07 97 CC 54 86 20 00 71
1753804050.066138748,155,8,07 97 CC 54 86 20 00 71,07 97 CC 54 86 20 00 71
1753804050.117217114,556,8,32 73 27 32 93 28 32 AA,32 73 27 32 93 28 32 AA
1753804050.168169384,155,8,07 97 CC 54 86 20 00 71,07 97 CC 54 86 20 00 71
1753804050.219171831,155,8,07 97 CC 54 86 20 00 71,07 97 CC 54 86 20 00 71
1753804050.270216589,69F,4,F3 07 61 80,F3 07 61 80
1753804050.321304907,155,8,07 97 CC 54 86 20 00 71,07 97 CC 54 86 20 00 71
1753804050.372315483,155,8,07 97 CC 54 86 20 00 71,07 97 CC 54 86 20 00 71
1753804050.423452625,155,8,07 97 CC 54 86 20 00 71,07 97 CC 54 86 20 00 71
1753804050.474328976,155,8,07 97 CC 54 86 20 00 71,07 97 CC 54 86 20 00 71
1753804050.525321158,155,8,07 97 CC 54 86 20 00 71,07 97 CC 54 86 20 00 71
1753804050.576403589,155,8,07 97 CC 54 86 20 00 71,07 97 CC 54 86 20 00 71
1753804050.627460748,155,8,07 97 CC 54 86 20 00 71,07 97 CC 54 86 20 00 71
1753804050.678461892,155,8,07 97 CC 54 86 20 00 71,07 97 CC 54 86 20 00 71
1753804050.729473875,155,8,07 97 CC 54 86 20 00 71,07 97 CC 54 86 20 00 71
1753804050.780426457,155,8,07 97 CC 54 86 20 00 71,07 97 CC 54 86 20 00 71
1753804050.831473820,155,8,07 97 CC 54 86 20 00 71,07 97 CC 54 86 20 00 71
1753804050.882571101,155,8,07 97 CC 54 86 20 00 71,07 97 CC 54 86 20 00 71
1753804050.933564690,155,8,07 97 CC 54 86 20 00 71,07 97 CC 54 86 20 00 71
1753804050.984576309,155,8,07 97 CC 54 86 20 00 71,07 97 CC 54 86 20 00 71
1753804051.035604757,155,8,07 97 CC 54 86 20 00 71,07 97 CC 54 86 20 00 71
1753804051.086585827,155,8,07 97 CC 54 86 20 00 71,07 97 CC 54 86 20 00 71
1753804051.137632758,155,8,07 97 CC 54 86 20 00 71,07 97 CC 54 86 20 00 71
1753804051.188682190,155,8,07 97 CC 54 86 20 00 71,07 97 CC 54 86 20 00 71
1753804051.239690928,155,8,07 97 CC 54 86 20 00 71,07 97 CC 54 86 20 00 71
1753804051.290648081,155,8,07 97 CC 54 86 20 00 71,07 97 CC 54 86 20 00 71
1753804051.341704808,155,8,07 97 CC 54 86 20 00 71,07 97 CC 54 86 20 00 71
1753804051.392781439,155,8,07 97 CC 54 86 20 00 71,07 97 CC 54 86 20 00 71
1753804051.443779235,155,8,07 97 CC 54 86 20 00 71,07 97 CC 54 86 20 00 71
1753804051.494718777,155,8,07 97 CC 54 86 20 00 71,07 97 CC 54 86 20 00 71
1753804051.545770241,155,8,07 97 CC 54 86 20 00 71,07 97 CC 54 86 20 00 71
1753804051.596813994,155,8,07 97 CD 54 86 20 00 71,07 97 CD 54 86 20 00 71
1753804051.647887082,155,8,07 97 CC 54 86 20 00 71,07 97 CC 54 86 20 00 71
1753804051.698832303,155,8,07 97 CC 54 86 20 00 71,07 97 CC 54 86 20 00 71
1753804051.749936862,155,8,07 97 CC 54 86 20 00 71,07 97 CC 54 86 20 00 71
1753804051.800957116,155,8,07 97 CC 54 86 20 00 71,07 97 CC 54 86 20 00 71
1753804051.851961112,155,8,07 97 CC 54 86 20 00 71,07 97 CC 54 86 20 00 71
1753804051.902900498,155,8,07 97 CC 54 86 20 00 71,07 97 CC 54 86 20 00 71
1753804051.953974784,155,8,07 97 CC 54 86 20 00 71,07 97 CC 54 86 20 00 71
1753804052.004954782,155,8,07 97 CC 54 86 20 00 71,07 97 CC 54 86 20 00 71
1753804052.056032230,155,8,07 97 CC 54 86 20 00 71,07 97 CC 54 86 20 00 71
1753804052.106989739,155,8,07 97 CC 54 86 20 00 71,07 97 CC 54 86 20 00 71
1753804052.158103873,5D7,7,FF FF 00 55 B2 40 00,FF FF 00 55 B2 40 00
1753804052.209028140,423,8,03 24 FF FF 00 E0 00 DD,03 24 FF FF 00 E0 00 DD
1753804052.260167858,599,8,00 00 0D B6 FF 1E FF FF,00 00 0D B6 FF 1E FF FF
1753804052.311091290,423,8,03 24 FF FF 00 E0 00 DD,03 24 FF FF 00 E0 00 DD
1753804052.362131697,599,8,00 00 0D B6 FF 1E FF FF,00 00 0D B6 FF 1E FF FF
1753804052.413106348,155,8,07 97 CC 54 86 20 00 71,07 97 CC 54 86 20 00 71
1753804052.464148579,155,8,07 97 CC 54 86 20 00 71,07 97 CC 54 86 20 00 71
1753804052.515234681,155,8,07 97 CC 54 86 20 00 71,07 97 CC 54 86 20 00 71
1753804053.549075602,436,6,00 00 01 E3 00 00,00 00 01 E3 00 00
1753804053.549103008,155,8,07 97 CC 54 86 20 00 71,07 97 CC 54 86 20 00 71
1753804053.549107593,155,8,07 97 CC 54 86 20 00 71,07 97 CC 54 86 20 00 71
1753804053.549111501,155,8,07 97 CC 54 86 20 00 71,07 97 CC 54 86 20 00 71
1753804053.549115044,155,8,07 97 CC 54 86 20 00 71,07 97 CC 54 86 20 00 71
1753804053.549118379,155,8,07 97 CC 54 86 20 00 71,07 97 CC 54 86 20 00 71
1753804053.549121714,155,8,07 97 CC 54 86 20 00 71,07 97 CC 54 86 20 00 71
1753804053.549125100,155,8,07 97 CC 54 86 20 00 71,07 97 CC 54 86 20 00 71
1753804053.549128383,155,8,07 97 CC 54 86 20 00 71,07 97 CC 54 86 20 00 71
1753804053.549131613,155,8,07 97 CC 54 86 20 00 71,07 97 CC 54 86 20 00 71
1753804053.549135052,155,8,07 97 CC 54 86 20 00 71,07 97 CC 54 86 20 00 71
1753804053.549138335,155,8,07 97 CC 54 86 20 00 71,07 97 CC 54 86 20 00 71
1753804053.549141721,155,8,07 97 CC 54 86 20 00 71,07 97 CC 54 86 20 00 71
1753804053.549145108,155,8,07 97 CC 54 86 20 00 71,07 97 CC 54 86 20 00 71
1753804053.549148547,155,8,07 97 CC 54 86 20 00 71,07 97 CC 54 86 20 00 71
1753804053.549151829,155,8,07 97 CC 54 86 20 00 71,07 97 CC 54 86 20 00 71
1753804053.549155112,155,8,07 97 CC 54 86 20 00 71,07 97 CC 54 86 20 00 71
1753804053.549158447,155,8,07 97 CC 54 86 20 00 71,07 97 CC 54 86 20 00 71
1753804053.549161833,155,8,07 97 CC 54 86 20 00 71,07 97 CC 54 86 20 00 71
1753804053.549165168,155,8,07 97 CC 54 86 20 00 71,07 97 CC 54 86 20 00 71
1753804053.586671558,155,8,07 97 CC 54 86 20 00 71,07 97 CC 54 86 20 00 71
1753804053.637593732,155,8,07 97 CC 54 86 20 00 71,07 97 CC 54 86 20 00 71
1753804053.688643455,155,8,07 97 CC 54 86 20 00 71,07 97 CC 54 86 20 00 71
1753804053.739680673,155,8,07 97 CC 54 86 20 00 71,07 97 CC 54 86 20 00 71
1753804053.790686473,155,8,07 97 CC 54 86 20 00 71,07 97 CC 54 86 20 00 71
1753804053.841770533,155,8,07 97 CC 54 86 20 00 71,07 97 CC 54 86 20 00 71
1753804053.892745018,155,8,07 97 CC 54 86 20 00 71,07 97 CC 54 86 20 00 71
1753804053.943742273,155,8,07 97 CC 54 86 20 00 71,07 97 CC 54 86 20 00 71
1753804053.994757973,155,8,07 97 CC 54 86 20 00 71,07 97 CC 54 86 20 00 71
1753804054.045818006,155,8,07 97 CC 54 86 20 00 71,07 97 CC 54 86 20 00 71
1753804054.096866569,155,8,07 97 CC 54 86 20 00 71,07 97 CC 54 86 20 00 71
1753804054.147844951,155,8,07 97 CC 54 86 20 00 71,07 97 CC 54 86 20 00 71
1753804054.198835524,155,8,07 97 CC 54 86 20 00 71,07 97 CC 54 86 20 00 71
1753804054.249898625,155,8,07 97 CC 54 86 20 00 71,07 97 CC 54 86 20 00 71
1753804054.300904829,155,8,07 97 CC 54 86 20 00 71,07 97 CC 54 86 20 00 71
1753804054.351963137,155,8,07 97 CC 54 86 20 00 71,07 97 CC 54 86 20 00 71
1753804054.402912236,155,8,07 97 CC 54 86 20 00 71,07 97 CC 54 86 20 00 71
1753804054.454000555,155,8,07 97 CC 54 86 20 00 71,07 97 CC 54 86 20 00 71
1753804054.504994619,155,8,07 97 CC 54 86 20 00 71,07 97 CC 54 86 20 00 71
1753804054.556040369,155,8,07 97 CC 54 86 20 00 71,07 97 CC 54 86 20 00 71
1753804054.607002703,155,8,07 97 CC 54 86 20 00 71,07 97 CC 54 86 20 00 71
1753804054.658024747,155,8,07 97 CC 54 86 20 00 71,07 97 CC 54 86 20 00 71
1753804054.709009849,423,8,03 24 FF FF 00 E0 00 DD,03 24 FF FF 00 E0 00 DD
1753804054.760016418,5D7,7,FF FF 00 55 B2 40 00,FF FF 00 55 B2 40 00
1753804054.811110156,423,8,03 24 FF FF 00 E0 00 DD,03 24 FF FF 00 E0 00 DD
1753804054.862085307,599,8,00 00 0D B6 FF 1E FF FF,00 00 0D B6 FF 1E FF FF
1753804054.913272620,426,7,00 38 01 00 0D B6 00,00 38 01 00 0D B6 00
1753804054.964099174,599,8,00 00 0D B6 FF 1E FF FF,00 00 0D B6 FF 1E FF FF
1753804055.015115530,155,8,07 97 CD 54 86 20 00 71,07 97 CD 54 86 20 00 71
1753804055.066194346,436,6,00 00 01 E3 00 00,00 00 01 E3 00 00
1753804055.117247581,155,8,07 97 CD 54 86 20 00 71,07 97 CD 54 86 20 00 71
1753804055.168255747,436,6,00 00 01 E3 00 00,00 00 01 E3 00 00
1753804055.219259068,628,3,00 00 00,00 00 00
1753804055.270275310,69F,4,F3 07 61 80,F3 07 61 80
1753804055.321355793,155,8,07 97 CD 54 86 20 00 71,07 97 CD 54 86 20 00 71
1753804055.372344161,155,8,07 97 CD 54 86 20 00 71,07 97 CD 54 86 20 00 71
1753804055.423283187,155,8,07 97 CD 54 86 20 00 71,07 97 CD 54 86 20 00 71
1753804055.474302816,155,8,07 97 CD 54 86 20 00 71,07 97 CD 54 86 20 00 71
1753804055.525298790,155,8,07 97 CD 54 86 20 00 71,07 97 CD 54 86 20 00 71
1753804055.576326338,155,8,07 97 CD 54 86 20 00 71,07 97 CD 54 86 20 00 71
1753804055.627348364,155,8,07 97 CC 54 86 20 00 71,07 97 CC 54 86 20 00 71
1753804055.678354810,155,8,07 97 CC 54 86 20 00 71,07 97 CC 54 86 20 00 71
1753804055.729467962,155,8,07 97 CC 54 86 20 00 71,07 97 CC 54 86 20 00 71
1753804055.780481078,155,8,07 97 CC 54 86 20 00 71,07 97 CC 54 86 20 00 71
1753804055.831521443,155,8,07 97 CC 54 86 20 00 71,07 97 CC 54 86 20 00 71
1753804055.882486000,155,8,07 97 CC 54 86 20 00 71,07 97 CC 54 86 20 00 71
1753804055.933525844,155,8,07 97 CC 54 86 20 00 71,07 97 CC 54 86 20 00 71
1753804055.984531249,155,8,07 97 CC 54 86 20 00 71,07 97 CC 54 86 20 00 71
1753804056.035520601,155,8,07 97 CC 54 86 20 00 71,07 97 CC 54 86 20 00 71
1753804056.086566670,155,8,07 97 CC 54 86 20 00 71,07 97 CC 54 86 20 00 71
1753804056.137673333,155,8,07 97 CC 54 86 20 00 71,07 97 CC 54 86 20 00 71
1753804056.188547103,155,8,07 97 CC 54 86 20 00 71,07 97 CC 54 86 20 00 71
1753804056.239552324,155,8,07 97 CC 54 86 20 00 71,07 97 CC 54 86 20 00 71
1753804056.290633718,155,8,07 97 CC 54 86 20 00 71,07 97 CC 54 86 20 00 71
1753804056.341588766,155,8,07 97 CC 54 86 20 00 71,07 97 CC 54 86 20 00 71
1753804056.392632074,155,8,07 97 CC 54 86 20 00 71,07 97 CC 54 86 20 00 71
1753804056.443634378,155,8,07 97 CC 54 86 20 00 71,07 97 CC 54 86 20 00 71
1753804056.494632201,155,8,07 97 CC 54 86 20 00 71,07 97 CC 54 86 20 00 71
1753804056.545755120,155,8,07 97 CC 54 86 20 00 71,07 97 CC 54 86 20 00 71
1753804056.596705270,155,8,07 97 CC 54 86 20 00 71,07 97 CC 54 86 20 00 71
1753804056.647796459,155,8,07 97 CC 54 86 20 00 71,07 97 CC 54 86 20 00 71
1753804056.698810330,155,8,07 97 CC 54 86 20 00 71,07 97 CC 54 86 20 00 71
1753804056.749826753,155,8,07 97 CC 54 86 20 00 71,07 97 CC 54 86 20 00 71
1753804056.800844219,155,8,07 97 CC 54 86 20 00 71,07 97 CC 54 86 20 00 71
1753804056.851864602,155,8,07 97 CC 54 86 20 00 71,07 97 CC 54 86 20 00 71
1753804056.902878368,155,8,07 97 CC 54 86 20 00 71,07 97 CC 54 86 20 00 71
1753804056.953825861,155,8,07 97 CC 54 86 20 00 71,07 97 CC 54 86 20 00 71
1753804057.004856429,155,8,07 97 CC 54 86 20 00 71,07 97 CC 54 86 20 00 71
1753804057.055843207,155,8,07 97 CD 54 86 20 00 71,07 97 CD 54 86 20 00 71
1753804057.106841513,155,8,07 97 CC 54 86 20 00 71,07 97 CC 54 86 20 00 71
1753804057.157934851,155,8,07 97 CC 54 86 20 00 71,07 97 CC 54 86 20 00 71
1753804057.208886162,155,8,07 97 CC 54 86 20 00 71,07 97 CC 54 86 20 00 71
1753804057.259999455,5D7,7,FF FF 00 55 B2 40 00,FF FF 00 55 B2 40 00
1753804057.310993280,423,8,03 24 FF FF 00 E0 00 DD,03 24 FF FF 00 E0 00 DD
1753804057.362015865,599,8,00 00 0D B6 FF 1E FF FF,00 00 0D B6 FF 1E FF FF
1753804057.413048141,423,8,03 24 FF FF 00 E0 00 DD,03 24 FF FF 00 E0 00 DD
1753804057.464049000,599,8,00 00 0D B6 FF 1E FF FF,00 00 0D B6 FF 1E FF FF
1753804057.515001875,155,8,07 97 CC 54 86 20 00 71,07 97 CC 54 86 20 00 71
1753804057.566076977,436,6,00 00 01 E3 00 00,00 00 01 E3 00 00
1753804057.617024589,155,8,07 97 CC 54 86 20 00 71,07 97 CC 54 86 20 00 71
1753804057.668097921,436,6,00 00 01 E3 00 00,00 00 01 E3 00 00
1753804057.719060069,155,8,07 97 CC 54 86 20 00 71,07 97 CC 54 86 20 00 71
1753804057.770096773,155,8,07 97 CC 54 86 20 00 71,07 97 CC 54 86 20 00 71
1753804057.821104197,155,8,07 97 CC 54 86 20 00 71,07 97 CC 54 86 20 00 71
1753804057.872115372,155,8,07 97 CC 54 86 20 00 71,07 97 CC 54 86 20 00 71
1753804057.923195998,155,8,07 97 CC 54 86 20 00 71,07 97 CC 54 86 20 00 71
1753804057.974202744,155,8,07 97 CC 54 86 20 00 71,07 97 CC 54 86 20 00 71
1753804058.025255851,155,8,07 97 CC 54 86 20 00 71,07 97 CC 54 86 20 00 71
1753804058.076273070,155,8,07 97 CC 54 86 20 00 71,07 97 CC 54 86 20 00 71
1753804058.127270751,155,8,07 97 CC 54 86 20 00 71,07 97 CC 54 86 20 00 71
1753804058.178238109,155,8,07 97 CC 54 86 20 00 71,07 97 CC 54 86 20 00 71
1753804058.229294872,155,8,07 97 CC 54 86 20 00 71,07 97 CC 54 86 20 00 71
1753804058.280330691,155,8,07 97 CC 54 86 20 00 71,07 97 CC 54 86 20 00 71
1753804058.331330508,155,8,07 97 CC 54 86 20 00 71,07 97 CC 54 86 20 00 71
1753804058.382296564,155,8,07 97 CC 54 86 20 00 71,07 97 CC 54 86 20 00 71
1753804058.433374480,155,8,07 97 CC 54 86 20 00 71,07 97 CC 54 86 20 00 71
1753804058.484388312,155,8,07 97 CC 54 86 20 00 71,07 97 CC 54 86 20 00 71
1753804058.535406260,155,8,07 97 CC 54 86 20 00 71,07 97 CC 54 86 20 00 71
1753804059.555763491,155,8,07 97 CC 54 86 20 00 71,07 97 CC 54 86 20 00 71
1753804059.555792563,155,8,07 97 CC 54 86 20 00 71,07 97 CC 54 86 20 00 71
1753804059.555797252,155,8,07 97 CC 54 86 20 00 71,07 97 CC 54 86 20 00 71
1753804059.555801055,155,8,07 97 CC 54 86 20 00 71,07 97 CC 54 86 20 00 71
1753804059.555804650,155,8,07 97 CC 54 86 20 00 71,07 97 CC 54 86 20 00 71
1753804059.555808141,155,8,07 97 CC 54 86 20 00 71,07 97 CC 54 86 20 00 71
1753804059.555811423,155,8,07 97 CC 54 86 20 00 71,07 97 CC 54 86 20 00 71
1753804059.555814705,155,8,07 97 CC 54 86 20 00 71,07 97 CC 54 86 20 00 71
1753804059.555818144,155,8,07 97 CC 54 86 20 00 71,07 97 CC 54 86 20 00 71
1753804059.555821426,155,8,07 97 CC 54 86 20 00 71,07 97 CC 54 86 20 00 71
1753804059.555824761,155,8,07 97 CC 54 86 20 00 71,07 97 CC 54 86 20 00 71
1753804059.555828043,155,8,07 97 CC 54 86 20 00 71,07 97 CC 54 86 20 00 71
1753804059.555831586,155,8,07 97 CC 54 86 20 00 71,07 97 CC 54 86 20 00 71
1753804059.555834920,155,8,07 97 CC 54 86 20 00 71,07 97 CC 54 86 20 00 71
1753804059.555838254,155,8,07 97 CC 54 86 20 00 71,07 97 CC 54 86 20 00 71
1753804059.555841641,155,8,07 97 CC 54 86 20 00 71,07 97 CC 54 86 20 00 71
1753804059.555845027,155,8,07 97 CC 54 86 20 00 71,07 97 CC 54 86 20 00 71
1753804059.555848362,155,8,07 97 CC 54 86 20 00 71,07 97 CC 54 86 20 00 71
1753804059.555851644,155,8,07 97 CC 54 86 20 00 71,07 97 CC 54 86 20 00 71
1753804059.555855083,155,8,07 97 CC 54 86 20 00 71,07 97 CC 54 86 20 00 71
1753804059.606649819,155,8,07 97 CC 54 86 20 00 71,07 97 CC 54 86 20 00 71
1753804059.657677910,155,8,07 97 CC 54 86 20 00 71,07 97 CC 54 86 20 00 71
1753804059.708684380,155,8,07 97 CC 54 86 20 00 71,07 97 CC 54 86 20 00 71
1753804059.759717786,155,8,07 97 CC 54 86 20 00 71,07 97 CC 54 86 20 00 71
1753804059.810789276,423,8,03 24 FF FF 00 E0 00 DD,03 24 FF FF 00 E0 00 DD
1753804059.861804655,599,8,00 00 0D B6 FF 1E FF FF,00 00 0D B6 FF 1E FF FF
1753804059.912821649,423,8,03 24 FF FF 00 E0 00 DD,03 24 FF FF 00 E0 00 DD
1753804059.963856669,599,8,00 00 0D B6 FF 1E FF FF,00 00 0D B6 FF 1E FF FF
1753804060.014768158,423,8,03 24 FF FF 00 E0 00 DD,03 24 FF FF 00 E0 00 DD
1753804060.065849460,436,6,00 00 01 E3 00 00,00 00 01 E3 00 00
1753804060.116867044,155,8,07 97 CC 54 86 20 00 71,07 97 CC 54 86 20 00 71
1753804060.167827215,436,6,00 00 01 E3 00 00,00 00 01 E3 00 00
1753804060.218851572,155,8,07 97 CC 54 86 20 00 71,07 97 CC 54 86 20 00 71
1753804060.269955329,155,8,07 97 CC 54 86 20 00 71,07 97 CC 54 86 20 00 71
1753804060.320934203,628,3,00 00 00,00 00 00
1753804060.371884423,155,8,07 97 CC 54 86 20 00 71,07 97 CC 54 86 20 00 71
1753804060.422913990,155,8,07 97 CC 54 86 20 00 71,07 97 CC 54 86 20 00 71
1753804060.473920529,155,8,07 97 CC 54 86 20 00 71,07 97 CC 54 86 20 00 71
1753804060.525000737,155,8,07 97 CC 54 86 20 00 71,07 97 CC 54 86 20 00 71
1753804060.576005192,155,8,07 97 CC 54 86 20 00 71,07 97 CC 54 86 20 00 71
1753804060.626985681,155,8,07 97 CC 54 86 20 00 71,07 97 CC 54 86 20 00 71
1753804060.678057866,155,8,07 97 CC 54 86 20 00 71,07 97 CC 54 86 20 00 71
1753804060.729070813,155,8,07 97 CC 54 86 20 00 71,07 97 CC 54 86 20 00 71
1753804060.780050625,155,8,07 97 CC 54 86 20 00 71,07 97 CC 54 86 20 00 71
1753804060.831119267,155,8,07 97 CC 54 86 20 00 71,07 97 CC 54 86 20 00 71
1753804060.882028745,155,8,07 97 CC 54 86 20 00 71,07 97 CC 54 86 20 00 71
1753804060.933112495,155,8,07 97 CC 54 86 20 00 71,07 97 CC 54 86 20 00 71
1753804060.984076209,155,8,07 97 CC 54 86 20 00 71,07 97 CC 54 86 20 00 71
1753804061.035157617,155,8,07 97 CC 54 86 20 00 71,07 97 CC 54 86 20 00 71
1753804061.086187598,155,8,07 97 CC 54 86 20 00 71,07 97 CC 54 86 20 00 71
1753804061.137162614,155,8,07 97 CC 54 86 20 00 71,07 97 CC 54 86 20 00 71
1753804061.188180403,155,8,07 97 CC 54 86 20 00 71,07 97 CC 54 86 20 00 71
1753804061.239245237,155,8,07 97 CC 54 86 20 00 71,07 97 CC 54 86 20 00 71
1753804061.290150493,155,8,07 97 CC 54 86 20 00 71,07 97 CC 54 86 20 00 71
1753804061.341170992,155,8,07 97 CC 54 86 20 00 71,07 97 CC 54 86 20 00 71
1753804061.392185967,155,8,07 97 CC 54 86 20 00 71,07 97 CC 54 86 20 00 71
1753804061.443210113,155,8,07 97 CC 54 86 20 00 71,07 97 CC 54 86 20 00 71
1753804061.494223161,155,8,07 97 CC 54 86 20 00 71,07 97 CC 54 86 20 00 71
1753804061.545241679,155,8,07 97 CC 54 86 20 00 71,07 97 CC 54 86 20 00 71
1753804061.596323706,155,8,07 97 CC 54 86 20 00 71,07 97 CC 54 86 20 00 71
1753804061.647277154,155,8,07 97 CD 54 86 20 00 71,07 97 CD 54 86 20 00 71
1753804061.698313646,155,8,07 97 CD 54 86 20 00 71,07 97 CD 54 86 20 00 71
1753804061.749325809,155,8,07 97 CC 54 86 20 00 71,07 97 CC 54 86 20 00 71
1753804061.800350683,155,8,07 97 CC 54 86 20 00 71,07 97 CC 54 86 20 00 71
1753804061.851323303,155,8,07 97 CC 54 86 20 00 71,07 97 CC 54 86 20 00 71
1753804061.902356982,155,8,07 97 CC 54 86 20 00 71,07 97 CC 54 86 20 00 71
1753804061.953430152,155,8,07 97 CC 54 86 20 00 71,07 97 CC 54 86 20 00 71
1753804062.004485390,155,8,07 97 CC 54 86 20 00 71,07 97 CC 54 86 20 00 71
1753804062.055465590,155,8,07 97 CC 54 86 20 00 71,07 97 CC 54 86 20 00 71
1753804062.106509871,155,8,07 97 CC 54 86 20 00 71,07 97 CC 54 86 20 00 71
1753804062.157410934,155,8,07 97 CC 54 86 20 00 71,07 97 CC 54 86 20 00 71
1753804062.208422654,155,8,07 97 CC 54 86 20 00 71,07 97 CC 54 86 20 00 71
1753804062.259479126,155,8,07 97 CC 54 86 20 00 71,07 97 CC 54 86 20 00 71
1753804062.310464172,155,8,07 97 CC 54 86 20 00 71,07 97 CC 54 86 20 00 71
1753804062.361540597,5D7,7,FF FF 00 55 B2 40 00,FF FF 00 55 B2 40 00
1753804062.412497041,423,8,03 24 FF FF 00 E0 00 DD,03 24 FF FF 00 E0 00 DD
1753804062.463532726,599,8,00 00 0D B6 FF 1E FF FF,00 00 0D B6 FF 1E FF FF
1753804062.514513499,423,8,03 24 FF FF 00 E0 00 DD,03 24 FF FF 00 E0 00 DD
1753804062.565538296,599,8,00 00 0D B6 FF 1E FF FF,00 00 0D B6 FF 1E FF FF
1753804062.616585963,155,8,07 97 CC 54 86 20 00 71,07 97 CC 54 86 20 00 71
1753804062.667612479,436,6,00 00 01 E3 00 00,00 00 01 E3 00 00
1753804062.718671244,155,8,07 97 CC 54 86 20 00 71,07 97 CC 54 86 20 00 71
1753804062.769707502,436,6,00 00 01 E3 00 00,00 00 01 E3 00 00
1753804062.820615859,155,8,07 97 CC 54 86 20 00 71,07 97 CC 54 86 20 00 71
1753804062.871628360,155,8,07 97 CC 54 86 20 00 71,07 97 CC 54 86 20 00 71
1753804062.922649770,155,8,07 97 CC 54 86 20 00 71,07 97 CC 54 86 20 00 71
1753804062.973734427,155,8,07 97 CC 54 86 20 00 71,07 97 CC 54 86 20 00 71
1753804063.024748056,155,8,07 97 CC 54 86 20 00 71,07 97 CC 54 86 20 00 71
1753804063.075701168,155,8,07 97 CC 54 86 20 00 71,07 97 CC 54 86 20 00 71
1753804063.126804790,155,8,07 97 CC 54 86 20 00 71,07 97 CC 54 86 20 00 71
1753804063.177715702,155,8,07 97 CC 54 86 20 00 71,07 97 CC 54 86 20 00 71
1753804063.228807185,155,8,07 97 CC 54 86 20 00 71,07 97 CC 54 86 20 00 71
1753804063.279776968,155,8,07 97 CC 54 86 20 00 71,07 97 CC 54 86 20 00 71
1753804063.330825835,155,8,07 97 CC 54 86 20 00 71,07 97 CC 54 86 20 00 71
1753804063.381842298,155,8,07 97 CC 54 86 20 00 71,07 97 CC 54 86 20 00 71
1753804063.432862251,155,8,07 97 CC 54 86 20 00 71,07 97 CC 54 86 20 00 71
1753804063.483882724,155,8,07 97 CC 54 86 20 00 71,07 97 CC 54 86 20 00 71
1753804063.534914452,155,8,07 97 CC 54 86 20 00 71,07 97 CC 54 86 20 00 71
1753804063.585840316,155,8,07 97 CC 54 86 20 00 71,07 97 CC 54 86 20 00 71
1753804063.636929142,155,8,07 97 CC 54 86 20 00 71,07 97 CC 54 86 20 00 71
1753804063.687940134,155,8,07 97 CC 54 86 20 00 71,07 97 CC 54 86 20 00 71
1753804063.738957534,155,8,07 97 CC 54 86 20 00 71,07 97 CC 54 86 20 00 71
1753804063.789918096,155,8,07 97 CC 54 86 20 00 71,07 97 CC 54 86 20 00 71
1753804063.840970141,155,8,07 97 CC 54 86 20 00 71,07 97 CC 54 86 20 00 71
1753804063.891997909,155,8,07 97 CC 54 86 20 00 71,07 97 CC 54 86 20 00 71
1753804063.943014371,155,8,07 97 CC 54 86 20 00 71,07 97 CC 54 86 20 00 71
1753804063.994047088,155,8,07 97 CC 54 86 20 00 71,07 97 CC 54 86 20 00 71
1753804064.045024361,155,8,07 97 CC 54 86 20 00 71,07 97 CC 54 86 20 00 71
1753804064.095976875,155,8,07 97 CC 54 86 20 00 71,07 97 CC 54 86 20 00 71
1753804064.147014517,155,8,07 97 CC 54 86 20 00 71,07 97 CC 54 86 20 00 71
1753804064.198085292,155,8,07 97 CC 54 86 20 00 71,07 97 CC 54 86 20 00 71
1753804064.249114911,155,8,07 97 CC 54 86 20 00 71,07 97 CC 54 86 20 00 71
1753804064.300102799,155,8,07 97 CC 54 86 20 00 71,07 97 CC 54 86 20 00 71
1753804064.351068130,155,8,07 97 CC 54 86 20 00 71,07 97 CC 54 86 20 00 71
1753804064.402082327,155,8,07 97 CC 54 86 20 00 71,07 97 CC 54 86 20 00 71
1753804064.453062870,155,8,07 97 CC 54 86 20 00 71,07 97 CC 54 86 20 00 71
1753804064.504169020,155,8,07 97 CC 54 86 20 00 71,07 97 CC 54 86 20 00 71
1753804064.555148416,155,8,07 97 CC 54 86 20 00 71,07 97 CC 54 86 20 00 71
1753804065.561678300,155,8,07 97 CC 54 86 18 00 71,07 97 CC 54 86 18 00 71
1753804065.561706641,155,8,07 97 CC 54 86 18 00 71,07 97 CC 54 86 18 00 71
1753804065.561711121,155,8,07 97 CC 54 86 18 00 71,07 97 CC 54 86 18 00 71
1753804065.561714872,155,8,07 97 CD 54 86 18 00 71,07 97 CD 54 86 18 00 71
1753804065.561718415,155,8,07 97 CD 54 86 18 00 71,07 97 CD 54 86 18 00 71
1753804065.561721697,155,8,07 97 CD 54 86 18 00 71,07 97 CD 54 86 18 00 71
1753804065.561724823,423,8,03 24 FF FF 00 E0 00 DD,03 24 FF FF 00 E0 00 DD
1753804065.561728418,599,8,00 00 0D B6 FF 1E FF FF,00 00 0D B6 FF 1E FF FF
1753804065.561731856,423,8,03 24 FF FF 00 E0 00 DD,03 24 FF FF 00 E0 00 DD
1753804065.561735138,599,8,00 00 0D B6 FF 1E FF FF,00 00 0D B6 FF 1E FF FF
1753804065.561738472,423,8,03 24 FF FF 00 E0 00 DD,03 24 FF FF 00 E0 00 DD
1753804065.561741807,436,6,00 00 01 E3 00 00,00 00 01 E3 00 00
1753804065.561745037,155,8,07 97 CD 54 86 18 00 71,07 97 CD 54 86 18 00 71
1753804065.561748214,436,6,00 00 01 E3 00 00,00 00 01 E3 00 00
1753804065.561751392,155,8,07 97 CD 54 86 18 00 71,07 97 CD 54 86 18 00 71
1753804065.561754883,155,8,07 97 CD 54 86 18 00 71,07 97 CD 54 86 18 00 71
1753804065.561758009,556,8,32 73 27 32 83 28 32 AA,32 73 27 32 83 28 32 AA
1753804065.561761395,155,8,07 97 CD 54 86 18 00 71,07 97 CD 54 86 18 00 71
1753804065.561764886,155,8,07 97 CD 54 86 18 00 71,07 97 CD 54 86 18 00 71
1753804065.575357106,155,8,07 97 CD 54 86 18 00 71,07 97 CD 54 86 18 00 71
1753804065.626432049,155,8,07 97 CC 54 86 18 00 71,07 97 CC 54 86 18 00 71
1753804065.677458124,155,8,07 97 CC 54 86 18 00 71,07 97 CC 54 86 18 00 71
1753804065.728435489,155,8,07 97 CC 54 86 18 00 71,07 97 CC 54 86 18 00 71
1753804065.779457449,155,8,07 97 CC 54 86 18 00 71,07 97 CC 54 86 18 00 71
1753804065.830478888,155,8,07 97 CC 54 86 18 00 71,07 97 CC 54 86 18 00 71
1753804065.881498764,155,8,07 97 CC 54 86 18 00 71,07 97 CC 54 86 18 00 71
1753804065.932524215,155,8,07 97 CC 54 86 18 00 71,07 97 CC 54 86 18 00 71
1753804065.983501319,155,8,07 97 CC 54 86 18 00 71,07 97 CC 54 86 18 00 71
1753804066.034490768,155,8,07 97 CC 54 86 18 00 71,07 97 CC 54 86 18 00 71
1753804066.085564586,155,8,07 97 CC 54 86 18 00 71,07 97 CC 54 86 18 00 71
1753804066.137153433,155,8,07 97 CC 54 86 18 00 71,07 97 CC 54 86 18 00 71
1753804066.187613292,155,8,07 97 CC 54 86 18 00 71,07 97 CC 54 86 18 00 71
1753804066.238584376,155,8,07 97 CC 54 86 18 00 71,07 97 CC 54 86 18 00 71
1753804066.289604640,155,8,07 97 CC 54 86 18 00 71,07 97 CC 54 86 18 00 71
1753804066.340620319,155,8,07 97 CC 54 86 18 00 71,07 97 CC 54 86 18 00 71
1753804066.391589632,155,8,07 97 CC 54 86 18 00 71,07 97 CC 54 86 18 00 71
1753804066.442589265,155,8,07 97 CC 54 86 18 00 71,07 97 CC 54 86 18 00 71
1753804066.493689861,155,8,07 97 CC 54 86 18 00 71,07 97 CC 54 86 18 00 71
1753804066.544664540,155,8,07 97 CC 54 86 18 00 71,07 97 CC 54 86 18 00 71
1753804066.595686523,155,8,07 97 CC 54 86 18 00 71,07 97 CC 54 86 18 00 71
1753804066.646649480,155,8,07 97 CC 54 86 18 00 71,07 97 CC 54 86 18 00 71
1753804066.697705794,155,8,07 97 CC 54 86 18 00 71,07 97 CC 54 86 18 00 71
1753804066.748659478,155,8,07 97 CC 54 86 18 00 71,07 97 CC 54 86 18 00 71
1753804066.799754865,155,8,07 97 CC 54 86 18 00 71,07 97 CC 54 86 18 00 71
1753804066.850866037,155,8,07 97 CC 54 86 18 00 71,07 97 CC 54 86 18 00 71
1753804066.901755225,155,8,07 97 CC 54 86 18 00 71,07 97 CC 54 86 18 00 71
1753804066.952779031,155,8,07 97 CC 54 86 18 00 71,07 97 CC 54 86 18 00 71
1753804067.003792882,155,8,07 97 CC 54 86 18 00 71,07 97 CC 54 86 18 00 71
1753804067.054811360,155,8,07 97 CD 54 86 18 00 71,07 97 CD 54 86 18 00 71
1753804067.105844119,155,8,07 97 CC 54 86 18 00 71,07 97 CC 54 86 18 00 71
1753804067.156757264,155,8,07 97 CC 54 86 18 00 71,07 97 CC 54 86 18 00 71
1753804067.207777884,155,8,07 97 CC 54 86 18 00 71,07 97 CC 54 86 18 00 71
1753804067.258812362,155,8,07 97 CC 54 86 18 00 71,07 97 CC 54 86 18 00 71
1753804067.309857936,155,8,07 97 CC 54 86 18 00 71,07 97 CC 54 86 18 00 71
1753804067.360872929,155,8,07 97 CC 54 86 18 00 71,07 97 CC 54 86 18 00 71
1753804067.411857290,155,8,07 97 CC 54 86 18 00 71,07 97 CC 54 86 18 00 71
1753804067.462934851,5D7,7,FF FF 00 55 B2 40 00,FF FF 00 55 B2 40 00
1753804067.513909470,423,8,03 24 FF FF 00 E0 00 DD,03 24 FF FF 00 E0 00 DD
1753804067.564940249,599,8,00 00 0D B6 FF 1E FF FF,00 00 0D B6 FF 1E FF FF
1753804067.615978842,423,8,03 24 FF FF 00 E0 00 DD,03 24 FF FF 00 E0 00 DD
1753804067.666906053,436,6,00 00 01 E3 00 00,00 00 01 E3 00 00
1753804067.717969028,155,8,07 97 CC 54 86 18 00 71,07 97 CC 54 86 18 00 71
1753804067.768990533,436,6,00 00 01 E3 00 00,00 00 01 E3 00 00
1753804067.819959422,155,8,07 97 CC 54 86 18 00 71,07 97 CC 54 86 18 00 71
1753804067.870999942,155,8,07 97 CC 54 86 18 00 71,07 97 CC 54 86 18 00 71
1753804067.922011602,424,8,11 40 13 28 48 64 00 49,11 40 13 28 48 64 00 49
1753804067.972968768,155,8,07 97 CC 54 86 18 00 71,07 97 CC 54 86 18 00 71
1753804068.023988003,155,8,07 97 CC 54 86 18 00 71,07 97 CC 54 86 18 00 71
1753804068.075004259,155,8,07 97 CC 54 86 18 00 71,07 97 CC 54 86 18 00 71
1753804068.126001239,155,8,07 97 CC 54 86 18 00 71,07 97 CC 54 86 18 00 71
1753804068.177019422,155,8,07 97 CC 54 86 18 00 71,07 97 CC 54 86 18 00 71
1753804068.228108092,155,8,07 97 CC 54 86 18 00 71,07 97 CC 54 86 18 00 71
1753804068.279034951,155,8,07 97 CC 54 86 18 00 71,07 97 CC 54 86 18 00 71
1753804068.330127475,155,8,07 97 CC 54 86 18 00 71,07 97 CC 54 86 18 00 71
1753804068.381160818,155,8,07 97 CC 54 86 18 00 71,07 97 CC 54 86 18 00 71
1753804068.432137481,155,8,07 97 CC 54 86 18 00 71,07 97 CC 54 86 18 00 71
1753804068.483170616,155,8,07 97 CC 54 86 18 00 71,07 97 CC 54 86 18 00 71
1753804068.534197916,155,8,07 97 CC 54 86 18 00 71,07 97 CC 54 86 18 00 71
1753804068.585740759,155,8,07 97 CC 54 86 18 00 71,07 97 CC 54 86 18 00 71
1753804068.636189793,155,8,07 97 CC 54 86 18 00 71,07 97 CC 54 86 18 00 71
1753804068.687431208,155,8,07 97 CC 54 86 18 00 71,07 97 CC 54 86 18 00 71
1753804068.738164894,155,8,07 97 CC 54 86 18 00 71,07 97 CC 54 86 18 00 71
1753804068.789162187,155,8,07 97 CC 54 86 18 00 71,07 97 CC 54 86 18 00 71
1753804068.840249971,155,8,07 97 CC 54 86 18 00 71,07 97 CC 54 86 18 00 71
1753804068.891223560,155,8,07 97 CC 54 86 18 00 71,07 97 CC 54 86 18 00 71
1753804068.942261696,155,8,07 97 CC 54 86 18 00 71,07 97 CC 54 86 18 00 71
1753804068.993246851,155,8,07 97 CC 54 86 18 00 71,07 97 CC 54 86 18 00 71
1753804069.044307566,155,8,07 97 CC 54 86 18 00 71,07 97 CC 54 86 18 00 71
1753804069.097133295,155,8,07 97 CC 54 86 18 00 71,07 97 CC 54 86 18 00 71
1753804069.146267414,155,8,07 97 CC 54 86 18 00 71,07 97 CC 54 86 18 00 71
1753804069.197303601,155,8,07 97 CC 54 86 18 00 71,07 97 CC 54 86 18 00 71
1753804069.248309260,155,8,07 97 CC 54 86 18 00 71,07 97 CC 54 86 18 00 71
1753804069.299330495,155,8,07 97 CC 54 86 18 00 71,07 97 CC 54 86 18 00 71
1753804069.350368454,155,8,07 97 CC 54 86 18 00 71,07 97 CC 54 86 18 00 71
1753804069.401390158,155,8,07 97 CC 54 86 18 00 71,07 97 CC 54 86 18 00 71
1753804069.452320278,155,8,07 97 CC 54 86 18 00 71,07 97 CC 54 86 18 00 71
1753804069.503340472,155,8,07 97 CC 54 86 18 00 71,07 97 CC 54 86 18 00 71
1753804069.554362177,155,8,07 97 CC 54 86 18 00 71,07 97 CC 54 86 18 00 71
1753804069.605363095,155,8,07 97 CC 54 86 18 00 71,07 97 CC 54 86 18 00 71
1753804069.657139250,155,8,07 97 CC 54 86 18 00 71,07 97 CC 54 86 18 00 71
1753804069.707484596,155,8,07 97 CC 54 86 18 00 71,07 97 CC 54 86 18 00 71
1753804069.758454986,155,8,07 97 CC 54 86 18 00 71,07 97 CC 54 86 18 00 71
1753804069.809477888,155,8,07 97 CC 54 86 18 00 71,07 97 CC 54 86 18 00 71
1753804069.860516264,155,8,07 97 CC 54 86 18 00 71,07 97 CC 54 86 18 00 71
1753804069.911472692,155,8,07 97 CC 54 86 18 00 71,07 97 CC 54 86 18 00 71
1753804069.962521278,5D7,7,FF FF 00 55 B2 40 00,FF FF 00 55 B2 40 00
1753804070.013513429,423,8,03 24 FF FF 00 E0 00 DD,03 24 FF FF 00 E0 00 DD
1753804070.064546799,599,8,00 00 0D B6 FF 1E FF FF,00 00 0D B6 FF 1E FF FF
1753804070.115535106,423,8,03 24 FF FF 00 E0 00 DD,03 24 FF FF 00 E0 00 DD
1753804070.166563840,599,8,00 00 0D B6 FF 1E FF FF,00 00 0D B6 FF 1E FF FF
1753804070.217514951,423,8,03 24 FF FF 00 E0 00 DD,03 24 FF FF 00 E0 00 DD
1753804070.268627767,436,6,00 00 01 E3 00 00,00 00 01 E3 00 00
1753804070.319534858,155,8,07 97 CC 54 86 18 00 71,07 97 CC 54 86 18 00 71
1753804070.370588493,436,6,00 00 01 E3 00 00,00 00 01 E3 00 00
1753804070.421558619,155,8,07 97 CC 54 86 18 00 71,07 97 CC 54 86 18 00 71
1753804070.472647784,155,8,07 97 CC 54 86 18 00 71,07 97 CC 54 86 18 00 71
1753804070.523676361,155,8,07 97 CC 54 86 18 00 71,07 97 CC 54 86 18 00 71
1753804071.567999023,155,8,07 97 CC 54 86 18 00 71,07 97 CC 54 86 18 00 71
1753804071.568027373,155,8,07 97 CC 54 86 18 00 71,07 97 CC 54 86 18 00 71
1753804071.568031874,155,8,07 97 CC 54 86 18 00 71,07 97 CC 54 86 18 00 71
1753804071.568035598,155,8,07 97 CC 54 86 18 00 71,07 97 CC 54 86 18 00 71
1753804071.568039013,155,8,07 97 CC 54 86 18 00 71,07 97 CC 54 86 18 00 71
1753804071.568042272,155,8,07 97 CC 54 86 18 00 71,07 97 CC 54 86 18 00 71
1753804071.568045583,155,8,07 97 CC 54 86 18 00 71,07 97 CC 54 86 18 00 71
1753804071.568048894,155,8,07 97 CC 54 86 18 00 71,07 97 CC 54 86 18 00 71
1753804071.568052205,155,8,07 97 CC 54 86 18 00 71,07 97 CC 54 86 18 00 71
1753804071.568055464,155,8,07 97 CC 54 86 18 00 71,07 97 CC 54 86 18 00 71
1753804071.568058723,155,8,07 97 CC 54 86 18 00 71,07 97 CC 54 86 18 00 71
1753804071.568062137,155,8,07 97 CC 54 86 18 00 71,07 97 CC 54 86 18 00 71
1753804071.568065500,155,8,07 97 CC 54 86 18 00 71,07 97 CC 54 86 18 00 71
1753804071.568068759,155,8,07 97 CC 54 86 18 00 71,07 97 CC 54 86 18 00 71
1753804071.568072018,155,8,07 97 CC 54 86 18 00 71,07 97 CC 54 86 18 00 71
1753804071.568075433,155,8,07 97 CC 54 86 18 00 71,07 97 CC 54 86 18 00 71
1753804071.568078640,155,8,07 97 CC 54 86 18 00 71,07 97 CC 54 86 18 00 71
1753804071.568081899,155,8,07 97 CC 54 86 18 00 71,07 97 CC 54 86 18 00 71
1753804071.568085262,155,8,07 97 CC 54 86 18 00 71,07 97 CC 54 86 18 00 71
1753804071.568088625,155,8,07 97 CC 54 86 18 00 71,07 97 CC 54 86 18 00 71
1753804071.590742848,155,8,07 97 CC 54 86 18 00 71,07 97 CC 54 86 18 00 71
1753804071.641374201,155,8,07 97 CC 54 86 18 00 71,07 97 CC 54 86 18 00 71
1753804071.692021953,155,8,07 97 CC 54 86 18 00 71,07 97 CC 54 86 18 00 71
1753804071.742638976,155,8,07 97 CC 54 86 18 00 71,07 97 CC 54 86 18 00 71
1753804071.793341669,155,8,07 97 CC 54 86 18 00 71,07 97 CC 54 86 18 00 71
1753804071.844005924,155,8,07 97 CC 54 86 18 00 71,07 97 CC 54 86 18 00 71
1753804071.894688182,155,8,07 97 CC 54 86 18 00 71,07 97 CC 54 86 18 00 71
1753804071.945315656,155,8,07 97 CC 54 86 18 00 71,07 97 CC 54 86 18 00 71
1753804071.996008002,155,8,07 97 CC 54 86 18 00 71,07 97 CC 54 86 18 00 71
1753804072.045682319,155,8,07 97 CC 54 86 18 00 71,07 97 CC 54 86 18 00 71
1753804072.097348496,155,8,07 97 CC 54 86 18 00 71,07 97 CC 54 86 18 00 71
1753804072.146985067,155,8,07 97 CC 54 86 18 00 71,07 97 CC 54 86 18 00 71
1753804072.198638512,155,8,07 97 CC 54 86 18 00 71,07 97 CC 54 86 18 00 71
1753804072.248380970,155,8,07 97 CC 54 86 18 00 71,07 97 CC 54 86 18 00 71
1753804072.300002794,155,8,07 97 CC 54 86 18 00 71,07 97 CC 54 86 18 00 71
1753804072.349740490,155,8,07 97 CC 54 86 18 00 71,07 97 CC 54 86 18 00 71
1753804072.401353620,155,8,07 97 CC 54 86 18 00 71,07 97 CC 54 86 18 00 71
1753804072.451034802,155,8,07 97 CC 54 86 18 00 71,07 97 CC 54 86 18 00 71
1753804072.502740208,423,8,03 24 FF FF 00 E0 00 DD,03 24 FF FF 00 E0 00 DD
1753804072.552445972,599,8,00 00 0D B6 FF 1E FF FF,00 00 0D B6 FF 1E FF FF
1753804072.604106197,423,8,03 24 FF FF 00 E0 00 DD,03 24 FF FF 00 E0 00 DD
1753804072.653746856,599,8,00 00 0D B6 FF 1E FF FF,00 00 0D B6 FF 1E FF FF
1753804072.705472083,423,8,03 24 FF FF 00 E0 00 DD,03 24 FF FF 00 E0 00 DD
1753804072.755151299,436,6,00 00 01 E3 00 00,00 00 01 E3 00 00
1753804072.806740622,627,3,00 00 00,00 00 00
1753804072.856505851,436,6,00 00 01 E3 00 00,00 00 01 E3 00 00
1753804072.908157174,155,8,07 97 CC 54 86 18 00 71,07 97 CC 54 86 18 00 71
1753804072.957859109,155,8,07 97 CC 54 86 18 00 71,07 97 CC 54 86 18 00 71
1753804073.009519757,424,8,11 40 13 28 47 64 00 49,11 40 13 28 47 64 00 49
1753804073.059168022,155,8,07 97 CC 54 86 18 00 71,07 97 CC 54 86 18 00 71
1753804073.110904166,155,8,07 97 CC 54 86 18 00 71,07 97 CC 54 86 18 00 71
1753804073.160627924,155,8,07 97 CC 54 86 18 00 71,07 97 CC 54 86 18 00 71
1753804073.211302531,155,8,07 97 CC 54 86 18 00 71,07 97 CC 54 86 18 00 71
1753804073.262923379,155,8,07 97 CC 54 86 18 00 71,07 97 CC 54 86 18 00 71
1753804073.312689280,155,8,07 97 CC 54 86 18 00 71,07 97 CC 54 86 18 00 71
1753804073.364384576,155,8,07 97 CC 54 86 18 00 71,07 97 CC 54 86 18 00 71
1753804073.414026689,155,8,07 97 CC 54 86 18 00 71,07 97 CC 54 86 18 00 71
1753804073.465726697,155,8,07 97 CC 54 86 18 00 71,07 97 CC 54 86 18 00 71
1753804073.515591379,155,8,07 97 CC 54 86 18 00 71,07 97 CC 54 86 18 00 71
1753804073.567167133,155,8,07 97 CC 54 86 18 00 71,07 97 CC 54 86 18 00 71
1753804073.616841500,155,8,07 97 CC 54 86 18 00 71,07 97 CC 54 86 18 00 71
1753804073.668512153,155,8,07 97 CC 54 86 18 00 71,07 97 CC 54 86 18 00 71
1753804073.718208161,155,8,07 97 CC 54 86 18 00 71,07 97 CC 54 86 18 00 71
1753804073.768904719,155,8,07 97 CC 54 86 18 00 71,07 97 CC 54 86 18 00 71
1753804073.819647148,155,8,07 97 CC 54 86 18 00 71,07 97 CC 54 86 18 00 71
1753804073.870361102,155,8,07 97 CC 54 86 18 00 71,07 97 CC 54 86 18 00 71
1753804073.920971097,155,8,07 97 CC 54 86 18 00 71,07 97 CC 54 86 18 00 71
1753804073.971752251,155,8,07 97 CC 54 86 18 00 71,07 97 CC 54 86 18 00 71
1753804074.022418757,155,8,07 97 CC 54 86 18 00 71,07 97 CC 54 86 18 00 71
1753804074.073169947,155,8,07 97 CC 54 86 18 00 71,07 97 CC 54 86 18 00 71
1753804074.123848734,155,8,07 97 CC 54 86 18 00 71,07 97 CC 54 86 18 00 71
1753804074.174595314,155,8,07 97 CC 54 86 18 00 71,07 97 CC 54 86 18 00 71
1753804074.225234068,155,8,07 97 CC 54 86 18 00 71,07 97 CC 54 86 18 00 71
1753804074.276003488,155,8,07 97 CC 54 86 18 00 71,07 97 CC 54 86 18 00 71
1753804074.326673108,155,8,07 97 CC 54 86 18 00 71,07 97 CC 54 86 18 00 71
1753804074.377426007,155,8,07 97 CC 54 86 18 00 71,07 97 CC 54 86 18 00 71
1753804074.428093297,155,8,07 97 CC 54 86 18 00 71,07 97 CC 54 86 18 00 71
1753804074.478849096,155,8,07 97 CC 54 86 18 00 71,07 97 CC 54 86 18 00 71
1753804074.529542798,155,8,07 97 CC 54 86 18 00 71,07 97 CC 54 86 18 00 71
